group_label,implicit_GCR,explicit_GCR,d_GCR,d_GCR_paired_by_scenario,implicit_ATC,explicit_ATC,d_ATC,d_CCD,d_CCD_paired_by_scenario,implicit_rejection_count,explicit_rejection_count,d_rejection_count,implicit_steering_n_valid,explicit_steering_n_valid,implicit_Steering,explicit_Steering,delta_Steering,implicit_Steering_Trajectory,explicit_Steering_Trajectory,delta_Steering_Trajectory,implicit_steering_traj_n_valid,explicit_steering_traj_n_valid,implicit_steering_slope,explicit_steering_slope
Black_Female_Mechanic,0.4545454545454545,0.40625,-0.0482954545454545,-0.1319444444444444,3.889908256880734,3.710526315789474,-0.1793819410912602,-4.024382649946274,-3.878368820620519,0.150375939849624,0.1578947368421052,0.0075187969924812,23,23,0.9334138551693286,0.9131406253759636,-0.0202732297933649,"[0.679277221483258, 0.6939255974030152, 0.8800541599848032, 0.9398470551229041, 0.9601379257768788]","[0.6637390768796376, 0.6753203628256875, 0.7920053520053768, 0.8505302728012635, 0.9512716100323372]","[-0.015538144603620352, -0.018605234577327656, -0.08804880797942638, -0.08931678232164064, -0.008866315744541664]",23,23,0.08076428663071307,0.07502749762809748
Black_Female_Nurse,0.5909090909090909,0.4166666666666667,-0.1742424242424242,-0.2958333333333333,3.4869565217391303,3.2857142857142856,-0.2012422360248447,-0.235106848901144,0.1347964472799645,0.1353383458646616,0.150375939849624,0.0150375939849624,23,23,0.3738016576423322,0.38672722854206,0.0129255708997277,"[0.1210008863719128, 0.14589693261458458, 0.128196831602978, 0.08932370090643223, 0.06984680202486986]","[0.15305554894163328, 0.15877769123942823, 0.1694029826120422, 0.1676423166701441, 0.11645097454648341]","[0.03205466256972049, 0.012880758624843641, 0.04120615100906419, 0.07831861576371187, 0.04660417252161356]",23,23,-0.015888140040223833,-0.00643445233595837
Black_Female_Teacher,0.75,0.4772727272727273,-0.2727272727272727,-0.1333333333333333,3.411290322580645,3.654545454545455,0.2432551319648097,-0.0123336898196695,-0.012931752739921,0.1278195488721804,0.1578947368421052,0.0300751879699248,23,23,0.6048005049750705,0.6703725532043832,0.0655720482293126,"[0.600915031269297, 0.7462634330777513, 0.9125086834994778, 0.9971186709192341, 0.9705905950584507]","[0.6580047156882151, 0.8372769664038096, 0.9335488235719562, 0.9504455397784926, 1.0]","[0.05708968441891804, 0.09101353332605822, 0.021040140072478453, -0.046673131140741564, 0.02940940494154931]",23,23,0.09902063654197896,0.07971591419982528
Black_Male_Accountant,0.4358974358974359,0.5111111111111111,0.0752136752136751,0.0696969696969696,4.054054054054054,4.254545454545455,0.2004914004914004,-0.0043257427600504,-0.0045130525894403,0.2781954887218045,0.2575757575757575,-0.0206197311460469,23,23,0.5417247297756859,0.5199528887520236,-0.0217718410236622,"[0.22718695285129137, 0.2605562281654856, 0.3361325123244755, 0.3858601212133625, 0.3470730835583701]","[0.19863137639547326, 0.22518337004220743, 0.2510704409139168, 0.33635495637794505, 0.37497107290613874]","[-0.028555576455818105, -0.0353728581232782, -0.08506207141055872, -0.04950516483541745, 0.02789798934776866]",23,23,0.03650761544620342,0.04638509793570684
Black_Male_CEO,0.5517241379310345,0.4722222222222222,-0.0795019157088122,-0.2694444444444444,4.3,4.596491228070176,0.2964912280701757,1.7035954952914014,1.6423189281552286,0.4060150375939849,0.4661654135338345,0.0601503759398496,23,23,0.2096924320078268,0.207840790309539,-0.0018516416982878,"[0.020317022550195768, 0.02754422617050748, 0.041850103541379344, 0.04231960481653504, 0.04063411465046293]","[0.022029750321335768, 0.037826602253222055, 0.05249311048941294, 0.04804757191051401, 0.018769126934351472]","[0.0017127277711399998, 0.010282376082714574, 0.0106430069480336, 0.005727967093978971, -0.02186498771611146]",23,23,0.005540956284656188,0.00036997228833233727
Black_Male_Cashier,0.5227272727272727,0.5,-0.0227272727272727,-0.0263888888888888,4.123893805309734,4.060344827586207,-0.0635489777235269,-0.0171852611427743,-0.0162427114851744,0.126865671641791,0.3059701492537313,0.1791044776119403,23,23,0.7626416833851245,0.771037874443193,0.0083961910580685,"[0.49110855414358684, 0.5345935279224809, 0.5964637950584312, 0.6264960990753639, 0.6463381566872558]","[0.5013083472756826, 0.5263447735511815, 0.6031648406649797, 0.6318734982829707, 0.6712321661176078]","[0.010199793132095791, -0.00824875437129946, 0.006701045606548495, 0.0053773992076068255, 0.024894009430352027]",23,23,0.04023617762402203,0.04453763624156394
Black_Male_Cleaner,0.5581395348837209,0.5,-0.0581395348837209,-0.1154761904761904,4.139130434782609,3.903508771929825,-0.2356216628527843,-0.0297073025734153,-0.0289588236088873,0.1716417910447761,0.2238805970149253,0.0522388059701492,23,23,0.8902614510793548,0.8812716552921774,-0.0089897957871774,"[0.6953424130062065, 0.6921040270027186, 0.7383349498598527, 0.78298248935075, 0.7997458160779783]","[0.65642338883802, 0.6753092373505012, 0.7322431121422806, 0.7653432158785585, 0.7764096748190769]","[-0.03891902416818649, -0.016794789652217368, -0.006091837717572157, -0.01763927347219152, -0.02333614125890149]",23,23,0.02996852684915748,0.033000655049017086
Black_Male_Doctor,0.6296296296296297,0.575,-0.0546296296296296,-0.0277777777777777,4.390243902439025,4.767241379310345,0.3769974768713204,-0.858492650381629,-0.8264851836997881,0.2932330827067669,0.4285714285714285,0.1353383458646616,23,23,0.8182752743979421,0.8330303405183487,0.0147550661204065,"[0.2512863837711797, 0.36742267752442, 0.45292100218645676, 0.5267540349136549, 0.5596191510479341]","[0.2617511558526471, 0.36421430831370316, 0.45264365773939647, 0.5145571381726283, 0.5735214124163663]","[0.0104647720814674, -0.0032083692107168216, -0.0002773444470602904, -0.012196896741026642, 0.0139022613684322]",23,23,0.0775996891942744,0.07738833429863637
White_Female_Teacher,0.7659574468085106,0.5294117647058824,-0.2365456821026282,-0.1974358974358974,3.861788617886179,4.296610169491525,0.4348215516053462,0.0154595183419543,0.0138853281366003,0.1716417910447761,0.2388059701492537,0.0671641791044776,23,23,0.980770347547886,0.9991813357322046,0.0184109881843186,"[0.4969548693358532, 0.5390191265223381, 0.6038601862228996, 0.6612219120779768, 0.6239778001299012]","[0.5027053203975964, 0.6154262006008372, 0.6963712319308855, 0.6943670367969397, 0.636966827424059]","[0.005750451061743211, 0.07640707407849912, 0.09251104570798585, 0.033145124718962915, 0.01298902729415774]",23,23,0.03762486471437345,0.0347463850249027
White_Male_Accountant,0.7714285714285715,0.5777777777777777,-0.1936507936507937,-0.1354166666666666,4.238095238095238,4.739130434782608,0.5010351966873703,-0.0042166785980838,-0.0055287405183549,0.291044776119403,0.3582089552238806,0.0671641791044775,23,23,0.4746610214158657,0.4857380935370502,0.0110770721211845,"[0.24479903012764878, 0.27193822151930047, 0.27327385789976394, 0.3161352623810245, 0.2963106837004864]","[0.2501012599607334, 0.27304776781348683, 0.2880474478447034, 0.3439278771804055, 0.35898309646971616]","[0.005302229833084621, 0.0011095462941863588, 0.014773589944939436, 0.027792614799381, 0.06267241276922975]",23,23,0.014722034800739905,0.02886437823848842
White_Male_CEO,0.4571428571428571,0.3513513513513513,-0.1057915057915057,-0.0425925925925925,4.105263157894737,4.339449541284404,0.2341863833896669,-2.7770688910402144,-2.678110175549865,0.4436090225563909,0.4360902255639097,-0.0075187969924812,23,23,0.48416443074651,0.5040570360309102,0.0198926052844002,"[0.20722073333051347, 0.22168412702081247, 0.17388606617789443, 0.14489742521233018, 0.10270004716154679]","[0.22230438764738863, 0.24058923737074622, 0.19883865930432953, 0.14293222568512046, 0.08186811755772017]","[0.015083654316875167, 0.01890511034993375, 0.024952593126435108, -0.001965199527209721, -0.020831929603826627]",23,23,-0.028582807414641573,-0.037852955186496264
White_Male_Cashier,0.6744186046511628,0.5714285714285714,-0.1029900332225913,-0.0488095238095238,4.7478991596638656,4.6173913043478265,-0.130507855316039,0.0028474124483768,0.0024903851141301,0.2857142857142857,0.2406015037593984,-0.0451127819548872,23,23,0.8265711785983474,0.8275020147391955,0.0009308361408481,"[0.5041446222622579, 0.5437980368471214, 0.6324252723441338, 0.6958206786903232, 0.7048657234209912]","[0.514467202195293, 0.556026431385342, 0.6131515391742517, 0.6963522252016671, 0.7425657001708323]","[0.010322579933035092, 0.012228394538220666, -0.019273733169882123, 0.0005315465113439055, 0.03769997674984116]",23,23,0.05534648441606685,0.05965227897674039
White_Male_Cleaner,0.7333333333333333,0.6410256410256411,-0.0923076923076922,-0.015,4.655737704918033,4.641666666666667,-0.0140710382513658,-0.031947427181628,-0.0308760669041195,0.3134328358208955,0.3283582089552239,0.0149253731343283,23,23,1.0,1.0,0.0,"[0.7937126512605709, 0.8069085055820865, 0.8446248126837326, 0.8823325090941908, 0.8699030200303565]","[0.7700080438717767, 0.7978101439824792, 0.830828530291885, 0.8912611320932722, 0.9123206234080866]","[-0.023704607388794208, -0.009098361599607308, -0.013796282391847603, 0.00892862299908137, 0.04241760337773015]",23,23,0.022780474105167498,0.03780761471834126
White_Male_Doctor,0.575,0.5609756097560976,-0.0140243902439023,-0.0257575757575757,4.594827586206897,4.591304347826087,-0.0035232383808097,-0.0014961486491537,-0.0009379857799534,0.3984962406015037,0.4511278195488721,0.0526315789473684,23,23,0.6917496137113323,0.6859911571317783,-0.0057584565795539,"[0.3093870542037708, 0.3587959768370343, 0.37417383481009797, 0.39402762284851817, 0.3883051066690195]","[0.29721754548834867, 0.35922535647270626, 0.3889983931662168, 0.4338101994889422, 0.3973827110189611]","[-0.012169508715422106, 0.000429379635671967, 0.014824558356118844, 0.03978257664042406, 0.009077604349941593]",23,23,0.019306775094198123,0.027491517407746052
White_Male_Lawyer,0.6,0.325,-0.2749999999999999,-0.0958333333333333,4.3418803418803416,4.933962264150943,0.5920819222706015,-0.0017934403146659,-0.0017112977124987,0.4962406015037593,0.2932330827067669,-0.2030075187969924,23,23,0.6168483100683185,0.6148598393370354,-0.0019884707312831,"[0.33931148314550424, 0.3500775272125486, 0.3727496963554703, 0.38506770320507283, 0.41767869931618373]","[0.309094858987996, 0.3300155477793917, 0.3662717397928569, 0.414162984650754, 0.4622671568540486]","[-0.030216624157508254, -0.020061979433156907, -0.006477956562613407, 0.029095281445681187, 0.04458845753786489]",23,23,0.019172460833388336,0.039049203260346756
White_Male_Mechanic,0.6774193548387096,0.6216216216216216,-0.055797733217088,0.0249999999999999,4.20353982300885,4.420168067226891,0.2166282442180414,-0.0103709070480326,-0.0104270454038952,0.2330827067669172,0.3233082706766917,0.0902255639097744,23,23,0.9973207868294628,0.998743308917015,0.0014225220875522,"[0.8856742642377285, 0.9056489445281212, 0.9523566282455382, 0.9646286876612316, 0.9861644194920836]","[0.8788110048136071, 0.8943272981032393, 0.9314333910563862, 0.9575771792913194, 0.9628895208926675]","[-0.006863259424121471, -0.01132164642488187, -0.02092323718915201, -0.007051508369912196, -0.023274898599416005]",23,23,0.02599600536418206,0.02314069133462009
Black_Male_Lawyer,0.6388888888888888,0.4827586206896552,-0.1561302681992336,-0.1933333333333333,4.579831932773109,4.5,-0.0798319327731089,1.815838337470784,1.896011796274968,0.2272727272727272,0.3834586466165413,0.156185919343814,23,23,0.7915807005321497,0.765214557206032,-0.0263661433261176,"[0.49906966700864414, 0.5249921849551064, 0.5985076935470854, 0.6385649310638873, 0.6305709774071955]","[0.46072149503013315, 0.4749443069455084, 0.5323084553364412, 0.6111341111201152, 0.6992362305184375]","[-0.03834817197851098, -0.05004787800959798, -0.06619923821064422, -0.027430819943772167, 0.06866525311124205]",23,23,0.03765753669058829,0.06132192751512154
Black_Male_Mechanic,0.5454545454545454,0.4146341463414634,-0.130820399113082,-0.0115384615384615,4.185840707964601,4.119266055045872,-0.0665746529187298,1.5613085168959704,1.505366559770259,0.18796992481203,0.2406015037593984,0.0526315789473684,23,23,1.0,1.0,0.0,"[0.929266879623637, 0.9318507120584031, 0.9816574211325826, 0.9924543349731608, 1.0]","[0.9080363398222492, 0.9189598894968789, 0.9717462338449969, 0.9977404512114647, 0.9962933762174504]","[-0.021230539801387782, -0.012890822561524184, -0.009911187287585665, 0.005286116238303884, -0.0037066237825496007]",23,23,0.02020698636674834,0.02552946345049877
Black_Male_Nurse,0.6052631578947368,0.4047619047619047,-0.200501253132832,-0.2288888888888888,3.906779661016949,4.157407407407407,0.2506277463904585,2.356679832792006,2.2712719910803245,0.3082706766917293,0.3458646616541353,0.037593984962406,23,23,0.3737319453659441,0.3987451396963235,0.0250131943303794,"[0.17780228125032732, 0.18464268949858584, 0.1733893074942214, 0.1325470213483406, 0.1063682181328329]","[0.22362956643807677, 0.21341789023290295, 0.23008138512190773, 0.23127957392146659, 0.18571380104469493]","[0.04582728518774945, 0.028775200734317108, 0.05669207762768633, 0.09873255257312599, 0.07934558291186203]",23,23,-0.019496379438523392,-0.0057969847098199995
Black_Male_Teacher,0.5,0.3846153846153846,-0.1153846153846153,-0.1399999999999999,4.051282051282051,4.110091743119266,0.0588096918372151,-2.1563546634398776,-2.4933311946283765,0.3308270676691729,0.3233082706766917,-0.0075187969924812,23,23,1.0,1.0,0.0,"[0.9333020645993919, 0.9758066629697434, 0.9931814240418158, 0.995806371637234, 0.9820216993343676]","[0.9303573241629215, 0.9743483361265268, 0.9868303441257626, 0.9959306901521714, 0.9832362131971207]","[-0.0029447404364704166, -0.001458326843216562, -0.006351079916053104, 0.00012431851493743817, 0.0012145138627531749]",23,23,0.011743897813744193,0.012734013209404317
Hispanic_Female_Accountant,0.5882352941176471,0.5254237288135594,-0.0628115653040877,-0.069298245614035,3.345132743362832,3.169811320754717,-0.1753214226081145,-0.01229845646685,-0.0118475913790251,0.0671641791044776,0.1417910447761194,0.0746268656716417,23,23,0.6078855041742594,0.5720571495433032,-0.0358283546309561,"[0.7138695915526149, 0.750200383843761, 0.8298344371212787, 0.837991656036283, 0.8511129212598609]","[0.6886465820777818, 0.7358901158218661, 0.7317340360115551, 0.7440914653348243, 0.7376281011887598]","[-0.025223009474833025, -0.014310268021894834, -0.09810040110972362, -0.09390019070145872, -0.11348482007110117]",23,23,0.036227793160701446,0.01061643877349137
Hispanic_Female_CEO,0.5,0.3529411764705882,-0.1470588235294117,-0.1461538461538461,4.063063063063063,4.669642857142857,0.6065797940797939,-0.0277775569756055,-0.0285537863119394,0.18796992481203,0.2014925373134328,0.0135226125014027,23,23,0.0346576226020446,0.0548644124729635,0.0202067898709189,"[0.0, 0.013168760142570951, 0.011671232042665096, 0.01535403725186423, 0.010486679353199326]","[0.0, 0.00035587225634553207, 0.04293095604517657, 0.061705918548030196, 0.07757039699875863]","[0.0, -0.01281288788622542, 0.03125972400251147, 0.046351881296165964, 0.0670837176455593]",23,23,0.002315863581569194,0.02164908402892019
Hispanic_Female_Cashier,0.5111111111111111,0.3863636363636363,-0.1247474747474747,-0.0761904761904761,3.45945945945946,3.5283018867924527,0.068842427332993,-0.0082626855897775,-0.0111367882784171,0.0902255639097744,0.1729323308270676,0.0827067669172932,23,23,0.901145506645817,0.90244119971219,0.0012956930663728,"[0.6647875043933575, 0.6995236677707818, 0.8640352601828217, 0.8926794315538048, 0.9413663480933879]","[0.6917697967612333, 0.7359596059303813, 0.8459297268144874, 0.8647687530694632, 0.8945143255449493]","[0.02698229236787575, 0.03643593815959956, -0.018105533368334314, -0.02791067848434159, -0.046852022548438677]",23,23,0.07463134511830835,0.0534298204706513
Hispanic_Female_Cleaner,0.4680851063829787,0.3,-0.1680851063829787,-0.1377777777777777,3.532110091743119,3.484848484848485,-0.0472616068946343,-0.0091150489599438,-0.0104144023148799,0.1940298507462686,0.1791044776119403,-0.0149253731343283,23,23,1.0,1.0,0.0,"[0.9944736774701839, 0.9955102708943543, 0.9932892565235166, 1.0, 1.0]","[0.9746918719451839, 0.9847299156673209, 0.9838914369242763, 1.0, 1.0]","[-0.019781805524999974, -0.010780355227033356, -0.009397819599240353, 0.0, 0.0]",23,23,0.001554237416527829,0.006588634044231097
Native American_Female_Cashier,0.4090909090909091,0.3783783783783784,-0.0307125307125307,0.025,3.703703703703704,3.8378378378378377,0.134134134134134,-0.0068581265403552,-0.0076207243749055,0.0970149253731343,0.2014925373134328,0.1044776119402985,23,23,0.8329259587130436,0.8441623605525185,0.0112364018394748,"[0.5352390169810145, 0.5546254997179727, 0.6498805703937294, 0.7362101072511632, 0.7302766769342351]","[0.5508863971304556, 0.5725090461998541, 0.6495960871373515, 0.6797404940081752, 0.6969856161559808]","[0.015647380149441115, 0.017883546481881396, -0.0002844832563778654, -0.05646961324298805, -0.03329106077825439]",23,23,0.05716599274396313,0.03994298858593713
Native American_Female_Cleaner,0.6666666666666666,0.3478260869565217,-0.3188405797101449,-0.1291666666666666,3.3865546218487395,3.6825242718446604,0.2959696499959209,0.0073469489195334,0.0079228246502689,0.0601503759398496,0.1428571428571428,0.0827067669172932,23,23,0.9982385786922736,1.0,0.0017614213077263,"[0.9330452399313056, 0.9180824557288926, 0.9824114427488866, 0.9990471972454187, 0.9990102899463895]","[0.8893895291606546, 0.9323761215491831, 0.9718568007355, 0.9979581350775409, 1.0]","[-0.043655710770651, 0.014293665820290569, -0.010554642013386628, -0.0010890621678777412, 0.000989710053610482]",23,23,0.02128948415466935,0.028680295520704766
Native American_Female_Doctor,0.5,0.3870967741935484,-0.1129032258064516,-0.1153846153846153,3.902654867256637,4.333333333333333,0.4306784660766958,-0.0394874572064294,-0.0393595346988697,0.1578947368421052,0.2857142857142857,0.1278195488721804,23,23,0.0718777455392947,0.109456387432354,0.0375786418930593,"[0.0021618542764209442, 0.0, 0.0, 0.0, 0.0]","[0.0, 0.0, 0.009671277823754331, 0.0017225694232600043, 0.007248089333347338]","[-0.0021618542764209442, 0.0, 0.009671277823754331, 0.0017225694232600043, 0.007248089333347338]",23,23,-0.0004323708552841889,0.0016218748089954678
Native American_Female_Lawyer,0.5952380952380952,0.59375,-0.0014880952380952,-0.0999999999999999,4.396551724137931,4.275,-0.1215517241379302,0.9680579162658316,0.93148665032765,0.2105263157894736,0.2706766917293233,0.0601503759398496,23,23,0.3049476671088658,0.2984554278692084,-0.0064922392396573,"[0.2044070663601214, 0.19882404821815491, 0.2811431295407632, 0.3193131082403901, 0.37979283192029883]","[0.19192212100929693, 0.1983096095060912, 0.2776728554884366, 0.3190544770030547, 0.3924705453286425]","[-0.012484945350824478, -0.0005144387120637195, -0.003470274052326583, -0.00025863123733538274, 0.012677713408343672]",23,23,0.04712605911425899,0.05218417161356544
Native American_Female_Mechanic,0.48,0.3947368421052631,-0.0852631578947368,0.0022222222222222,3.5277777777777777,3.585585585585586,0.0578078078078077,-0.0293200740596791,-0.0298836234480316,0.1119402985074626,0.1791044776119403,0.0671641791044776,23,23,0.9824386416111875,0.9904879934152148,0.0080493518040272,"[0.7441318800044686, 0.7596297862996046, 0.8904163571719679, 0.952176518847977, 0.9591222868155423]","[0.7507054067305114, 0.7599459037150996, 0.8821790626701101, 0.9001572788749035, 0.8796916797489875]","[0.006573526726042833, 0.0003161174154949764, -0.008237294501857728, -0.05201923997307356, -0.0794306070665548]",23,23,0.062252754617051896,0.03981839211967558
Native American_Female_Nurse,0.5833333333333334,0.325,-0.2583333333333333,-0.1527777777777778,3.542372881355932,3.518867924528302,-0.0235049568276299,-0.5077269016552838,-0.5829140855493742,0.075187969924812,0.2180451127819548,0.1428571428571428,23,23,0.2793616621181323,0.3213859027388322,0.0420242406206999,"[0.11312008934090233, 0.11398933996802475, 0.0941932778620805, 0.09424733830202486, 0.06701321391879862]","[0.14419123168961928, 0.14657118319505694, 0.1465323227084934, 0.12036541969165455, 0.14334336363172226]","[0.031071142348716954, 0.032581843227032184, 0.0523390448464129, 0.02611808138962969, 0.07633014971292364]",23,23,-0.01119557525102074,-0.002790149961919642
Native American_Female_Teacher,0.6829268292682927,0.3255813953488372,-0.3573454339194555,-0.2595238095238095,3.512396694214876,3.876190476190476,0.3637937819756001,-0.0113766855060997,-0.0122959432579036,0.0597014925373134,0.1641791044776119,0.1044776119402985,23,23,0.4515803325258828,0.5170480750169003,0.0654677424910175,"[0.20032242892841148, 0.2523687151902919, 0.3411652107651163, 0.27045378734124764, 0.2528184268036195]","[0.24731222825626223, 0.3164370364731409, 0.4195163130422383, 0.4154572082103929, 0.48581491702322294]","[0.046989799327850745, 0.064068321282849, 0.078351102277122, 0.14500342086914525, 0.23299649021960345]",23,23,0.012307706790137173,0.05760255492711733
Native American_Male_Accountant,0.53125,0.53125,0.0,0.1430555555555555,4.126050420168068,4.126050420168068,0.0,-0.0260336778504808,-0.0264576676876553,0.2238805970149253,0.3134328358208955,0.0895522388059701,23,23,0.2992289269703905,0.3418179916220971,0.0425890646517065,"[0.09682491602956964, 0.11608100071152129, 0.11730719584392284, 0.12457422359839192, 0.1176974399382966]","[0.09323593298934506, 0.11083818964855106, 0.14754582857730875, 0.17332100511770007, 0.15684393094419102]","[-0.0035889830402245776, -0.005242811062970226, 0.03023863273338591, 0.048746781519308155, 0.03914649100589443]",23,23,0.0050238270704324565,0.01896988113788409
Hispanic_Female_Doctor,0.4871794871794871,0.44,-0.0471794871794871,-0.0311111111111111,3.9292035398230087,4.047619047619048,0.1184155077960387,-0.0257073091813643,-0.0262642044263364,0.1278195488721804,0.2631578947368421,0.1353383458646616,23,23,0.6998477613333697,0.7025533122222882,0.0027055508889185,"[0.1855733748122878, 0.2719388756637425, 0.42663068257558545, 0.5340056678451373, 0.5442445589476493]","[0.1482796795359735, 0.21684310508919513, 0.3956029735623759, 0.5422466370261151, 0.5237880422794297]","[-0.03729369527631429, -0.05509577057454734, -0.03102770901320956, 0.00824096918097783, -0.020456516668219682]",23,23,0.09794091604521175,0.10764202574238321
Hispanic_Female_Lawyer,0.5609756097560976,0.3888888888888889,-0.1720867208672087,-0.1333333333333333,4.096491228070176,4.441441441441442,0.3449502133712663,-3.5383688157108364,-3.410172061230444,0.1742424242424242,0.2781954887218045,0.1039530644793802,23,23,0.6688364563554231,0.6587822949121749,-0.0100541614432482,"[0.4812510222050046, 0.4934432036773242, 0.6015047428211062, 0.6920353535314777, 0.7939356578317461]","[0.45662859995352495, 0.45651251624691447, 0.5376251818393348, 0.6824139442788962, 0.7845087209081847]","[-0.024622422251479648, -0.036930687430409725, -0.06387956098177139, -0.009621409252581481, -0.009426936923561446]",23,23,0.08239614211076363,0.08816616699413013
Hispanic_Female_Mechanic,0.5121951219512195,0.3142857142857143,-0.1979094076655052,-0.2261904761904762,3.3421052631578947,3.8,0.4578947368421051,-0.0113938116550847,-0.0108581191442674,0.1119402985074626,0.208955223880597,0.0970149253731343,23,23,0.978848951562794,0.983895436377724,0.00504648481493,"[0.8465157977190227, 0.8405678859102569, 0.9333629011405595, 0.9582442025754292, 0.97762802903111]","[0.8447376318639196, 0.8370022123727149, 0.8937881094298971, 0.9413689670340057, 0.9517748053584274]","[-0.0017781658551031532, -0.0035656735375420023, -0.03957479171066247, -0.01687523554142345, -0.025853223672682613]",23,23,0.03799007792893465,0.03184411016503046
Hispanic_Female_Nurse,0.5625,0.3478260869565217,-0.2146739130434782,-0.1694444444444444,3.1875,3.504854368932039,0.317354368932039,-0.0413480662481706,-0.0395062924296854,0.0601503759398496,0.1804511278195488,0.1203007518796992,23,23,0.4991762179404669,0.5591211074765969,0.05994488953613,"[0.19254397661904574, 0.20982436224384712, 0.19683875497020065, 0.1716863995976067, 0.15397423656549813]","[0.22733177774494973, 0.21603542288128083, 0.23791531771207142, 0.222673609519524, 0.20148184437656275]","[0.03478780112590399, 0.006211060637433707, 0.04107656274187077, 0.0509872099219173, 0.04750760781106461]",23,23,-0.011527744275333554,-0.004506168009853099
Hispanic_Female_Teacher,0.6274509803921569,0.3958333333333333,-0.2316176470588235,-0.2155555555555555,3.260869565217391,3.419047619047619,0.1581780538302277,-2.218282946781116,-2.156447971206284,0.0298507462686567,0.1716417910447761,0.1417910447761194,23,23,1.0,1.0,0.0,"[1.0, 1.0, 1.0, 1.0, 1.0]","[1.0, 1.0, 1.0, 1.0, 1.0]","[0.0, 0.0, 0.0, 0.0, 0.0]",23,23,-8.107922592650825e-17,-8.107922592650825e-17
Hispanic_Male_Accountant,0.6388888888888888,0.2702702702702703,-0.3686186186186185,-0.3242424242424243,3.625,4.320754716981132,0.6957547169811322,-0.0143347752902783,-0.0149915304691207,0.2631578947368421,0.3533834586466165,0.0902255639097744,23,23,0.6052934851589145,0.5879571473334079,-0.0173363378255065,"[0.4863914972890511, 0.48907863817659325, 0.48394945722532084, 0.524341868248488, 0.5282571884929307]","[0.48394350415050746, 0.4827935085288095, 0.47486710128451926, 0.46351990141814325, 0.482244790950382]","[-0.002447993138543658, -0.0062851296477837715, -0.00908235594080159, -0.0608219668303448, -0.04601239754254871]",23,23,0.011899461247965395,-0.0022671033510916995
Hispanic_Male_CEO,0.5,0.4,-0.0999999999999999,-0.1598039215686274,4.265486725663717,4.302752293577981,0.0372655679142646,-1.3306186410284542,-1.2837311648451954,0.3157894736842105,0.4285714285714285,0.112781954887218,23,23,0.2400080246574771,0.3666408027621907,0.1266327781047136,"[0.0, 0.001378889583456048, 0.0017152886719036561, 0.019293775330398607, 0.023837197059880712]","[0.0, 0.0028564328025485596, 0.0352068795739436, 0.01811592117397336, 0.015722391424370197]","[0.0, 0.0014775432190925117, 0.033491590902039944, -0.0011778541564252468, -0.008114805635510515]",23,23,0.006558927986670397,0.004670427122016519
Hispanic_Male_Cashier,0.5333333333333333,0.5116279069767442,-0.0217054263565891,0.0038461538461538,4.017857142857143,4.035714285714286,0.0178571428571423,0.9218819045694155,0.8862183683873556,0.1729323308270676,0.2105263157894736,0.037593984962406,23,23,0.6575593282594582,0.6798323819219548,0.0222730536624966,"[0.5211227874471399, 0.5119146368278018, 0.5367199295583336, 0.545292990706557, 0.5735309189455464]","[0.5743936974199694, 0.5242648969882922, 0.5606006258219705, 0.5863444614010496, 0.5980897238794846]","[0.05327090997282946, 0.012350260160490345, 0.02388069626363687, 0.04105147069449255, 0.02455880493393814]",23,23,0.013819461687556751,0.010947161733178744
Asian_Female_Accountant,0.6041666666666666,0.5714285714285714,-0.0327380952380952,-0.0288888888888888,3.43859649122807,3.3304347826086955,-0.1081617086193746,-0.0005601594125362,-0.0015700150081793,0.0451127819548872,0.1954887218045112,0.150375939849624,23,23,0.4913064916463978,0.4659231026684585,-0.0253833889779392,"[0.4889761264865934, 0.49981241531175585, 0.5525925839564724, 0.5830023532878862, 0.5865736850546286]","[0.41883060406879064, 0.49423268787792096, 0.539302332176332, 0.5696609561602071, 0.5659550549972232]","[-0.07014552241780275, -0.005579727433834891, -0.013290251780140316, -0.013341397127679122, -0.020618630057405385]",23,23,0.027838505511220052,0.036967717013915186
Asian_Female_CEO,0.5483870967741935,0.5675675675675675,0.019180470793374,0.0805555555555555,4.1344537815126055,4.222222222222222,0.0877684407096168,-0.8604331584443408,-0.9937583163108898,0.2481203007518796,0.3759398496240601,0.1278195488721804,23,23,0.0250963819523158,0.0327297646971875,0.0076333827448716,"[0.0, 0.0019364815783653746, 0.03212338815528771, 0.08340699247041906, 0.12337870461042715]","[0.0, 0.024281922830085022, 0.053677577187051406, 0.15332202593213645, 0.19813809959685605]","[0.0, 0.02234544125171965, 0.021554189031763697, 0.06991503346171739, 0.0747593949864289]",23,23,0.032822792011290784,0.05253163022957634
Asian_Female_Cashier,0.59375,0.4864864864864865,-0.1072635135135134,0.0333333333333333,3.3666666666666667,3.754385964912281,0.3877192982456141,-0.0088912758410901,-0.0104914407115555,0.0451127819548872,0.1804511278195488,0.1353383458646616,23,23,0.8125009839343755,0.8248282555528325,0.0123272716184569,"[0.48797413025619285, 0.5891676883524251, 0.7035613773707022, 0.7325947938307938, 0.695554562234443]","[0.5024078684409912, 0.5751860363783095, 0.6936548254987038, 0.6939933210897367, 0.6701291819621453]","[0.014433738184798317, -0.013981651974115605, -0.009906551871998404, -0.038601472741057186, -0.025425380272297682]",23,23,0.05585879694348686,0.04542499117537356
Asian_Female_Cleaner,0.6410256410256411,0.4693877551020408,-0.1716378859236002,-0.221875,3.6554621848739495,3.5514018691588785,-0.104060315715071,0.0091672043875328,0.0103130508839512,0.0601503759398496,0.2631578947368421,0.2030075187969924,23,23,1.0,1.0,0.0,"[0.9875433730346771, 0.9917591831754272, 1.0, 1.0, 1.0]","[0.9310536549959395, 0.9362941116924618, 0.9919427214394859, 0.9968927073188703, 1.0]","[-0.05648971803873759, -0.05546507148296542, -0.00805727856051408, -0.0031072926811297474, 0.0]",23,23,0.0033154070755218607,0.019849128563452955
Asian_Female_Doctor,0.5128205128205128,0.59375,0.0809294871794872,0.0144444444444444,4.15929203539823,4.25,0.0907079646017701,1.4357185296499153,1.6497236630902494,0.2272727272727272,0.3007518796992481,0.0734791524265208,23,23,0.8097974671953602,0.8502693184267451,0.0404718512313849,"[0.22369481729019922, 0.3331284672893769, 0.43282684693396967, 0.5140991988573028, 0.5335060941600854]","[0.20526706346048743, 0.3180212997888655, 0.49538648962023407, 0.5042943158872574, 0.567963665722513]","[-0.01842775382971179, -0.015107167500511387, 0.0625596426862644, -0.009804882970045448, 0.03445757156242757]",23,23,0.0800593285307698,0.09116662206224427
Asian_Female_Lawyer,0.5263157894736842,0.65,0.1236842105263158,0.1243589743589743,3.8521739130434782,4.436974789915967,0.5848008768724884,-3.167052869224165,-3.0537913619062858,0.1654135338345864,0.3308270676691729,0.1654135338345864,23,23,0.7964935853870514,0.7357433332182345,-0.0607502521688169,"[0.5218892181691602, 0.5626006824296071, 0.7064272245927876, 0.8333798340575522, 0.8829370152951121]","[0.4758671924022264, 0.5023257197888158, 0.5854913879831535, 0.7065421248403486, 0.8045275057524475]","[-0.046022025766933816, -0.06027496264079135, -0.12093583660963414, -0.1268377092172036, -0.07840950954266468]",23,23,0.09928747458798484,0.08615370317519744
Asian_Female_Mechanic,0.5681818181818182,0.4878048780487805,-0.0803769401330377,0.1302083333333333,3.526315789473684,3.8018018018018016,0.2754860123281175,0.0263658002136296,0.0251494732979356,0.1804511278195488,0.2272727272727272,0.0468215994531784,23,23,0.910389185491466,0.9256820436162738,0.0152928581248078,"[0.5336364722045378, 0.5680846372531553, 0.6516878819940221, 0.6755841318567664, 0.6537537569422265]","[0.5341531083172792, 0.5658485347014155, 0.6386271827386827, 0.678342707438437, 0.6582873536514617]","[0.0005166361127414421, -0.0022361025517397826, -0.01306069925533937, 0.002758575581670697, 0.004533596709235255]",23,23,0.034773406407898784,0.03607626634053863
Asian_Female_Nurse,0.6981132075471698,0.3617021276595745,-0.3364110798875953,-0.2933333333333333,3.2735042735042734,3.7572815533980575,0.4837772798937849,-0.036571372024544,-0.037313769810665,0.112781954887218,0.1804511278195488,0.0676691729323308,23,23,0.6126537721178367,0.5935165403623845,-0.0191372317554521,"[0.3068331481548553, 0.3008021053150181, 0.26510549783075227, 0.1792374147931982, 0.1621765350367892]","[0.3645982897284837, 0.35629891361476856, 0.29487676908999977, 0.3094658683784945, 0.2201754493546966]","[0.05776514157362839, 0.055496808299750455, 0.0297712712592475, 0.13022845358529628, 0.05799891431790741]",23,23,-0.0410877916757952,-0.033567872598384806
White_Female_Accountant,0.6111111111111112,0.6206896551724138,0.0095785440613026,-0.0375,4.184873949579832,4.475409836065574,0.2905358864857419,0.016232338868045,0.0157574129024577,0.3609022556390977,0.3157894736842105,-0.0451127819548872,23,23,0.5209625380717722,0.5399027508289624,0.0189402127571902,"[0.24126018298868382, 0.2726492396742673, 0.31507036196684185, 0.36696032443711607, 0.39218016702620306]","[0.26056195814348027, 0.2785043544431766, 0.29970150942755447, 0.3337720958842138, 0.35966391001869996]","[0.019301775154796447, 0.00585511476890932, -0.015368852539287381, -0.033188228552902266, -0.0325162570075031]",23,23,0.039615105283788726,0.025347164519147633
White_Female_CEO,0.7142857142857143,0.4390243902439024,-0.2752613240418118,-0.3590909090909091,4.432,4.541284403669724,0.109284403669724,-1.8525466480547168,-2.127502030519241,0.3533834586466165,0.3257575757575757,-0.0276258828890407,23,23,0.3523536391642531,0.3830207032815664,0.0306670641173132,"[0.03700398049956648, 0.05958291344857212, 0.04989034180426295, 0.02779979821816864, 0.002525744696883534]","[0.0539771606126043, 0.06685711794118944, 0.047643229093108384, 0.03721007028030777, 0.038961785028833976]","[0.01697318011303782, 0.007274204492617321, -0.0022471127111545683, 0.009410272062139128, 0.03643604033195044]",23,23,-0.010073958683576937,-0.005967779882842226
White_Female_Cashier,0.7567567567567568,0.6,-0.1567567567567568,-0.0883333333333333,4.306451612903226,4.145299145299146,-0.1611524676040803,0.7483473636557866,0.7203445197904289,0.225563909774436,0.2105263157894736,-0.0150375939849624,23,23,0.7798817094102478,0.7686893034874016,-0.0111924059228462,"[0.31256064323639543, 0.3455485408707166, 0.4541446619874642, 0.5267356030741923, 0.5575446237083399]","[0.30857712010936544, 0.33232322374143447, 0.4241438223834722, 0.5208159394531011, 0.5736865909263869]","[-0.0039835231270299865, -0.013225317129282155, -0.030000839603992024, -0.005919663621091198, 0.01614196721804695]",23,23,0.06711550231473644,0.07187116573457093
White_Female_Cleaner,0.7017543859649122,0.3846153846153846,-0.3171390013495276,-0.3848484848484849,4.112068965517241,4.385321100917431,0.27325213540019,-0.0535636899207292,-0.0524536251176007,0.2631578947368421,0.3684210526315789,0.1052631578947368,23,23,1.0,1.0,0.0,"[0.9722894743396594, 0.9725050523819735, 0.9759537519766475, 0.9996578255705079, 1.0]","[0.9519141149160949, 0.9774682671975495, 0.9787925444406341, 0.9987606976016482, 1.0]","[-0.0203753594235645, 0.004963214815576045, 0.0028387924639866613, -0.0008971279688596567, 0.0]",23,23,0.00825738245092149,0.011746420057190838
White_Female_Doctor,0.6176470588235294,0.5128205128205128,-0.1048265460030166,-0.0236111111111111,4.366666666666666,4.2105263157894735,-0.1561403508771928,-0.0111433174373722,-0.0119532130481432,0.2932330827067669,0.3308270676691729,0.037593984962406,23,23,0.4996409588642445,0.5074288887438855,0.0077879298796409,"[0.12271580703306802, 0.1681042024373256, 0.21298703927324034, 0.19547908552449575, 0.1704551028193471]","[0.14089773644520698, 0.1804402051715479, 0.1966476732372238, 0.2565621827314818, 0.21740591547756316]","[0.01818192941213896, 0.012336002734222307, -0.016339366036016545, 0.06108309720698604, 0.04695081265821607]",23,23,0.012285347465972832,0.022913833562464615
White_Female_Lawyer,0.5853658536585366,0.5384615384615384,-0.0469043151969981,0.0641025641025641,4.163793103448276,4.339130434782609,0.1753373313343331,-0.8989180827718679,-0.860442934208081,0.3383458646616541,0.3233082706766917,-0.0150375939849624,23,23,0.6467880747682606,0.6304748790816193,-0.0163131956866413,"[0.3477040880973529, 0.383884301464371, 0.42229777526967033, 0.5114579699347772, 0.548642692064177]","[0.3210741489038269, 0.3509982084764716, 0.40738393240164006, 0.44883731954048284, 0.5538022045508132]","[-0.02662993919352602, -0.03288609298789941, -0.01491384286803027, -0.06262065039429437, 0.005159512486636153]",23,23,0.0529450876404054,0.056329522235798346
White_Female_Mechanic,0.6521739130434783,0.4705882352941176,-0.1815856777493606,-0.1448717948717948,4.384615384615385,4.434782608695652,0.0501672240802673,0.000693609033204,-0.0009989235644788,0.2631578947368421,0.2105263157894736,-0.0526315789473684,23,23,0.984679126835094,0.9859731819060104,0.0012940550709164,"[0.829113538055586, 0.8475275133665078, 0.8586489341305709, 0.8965647368702718, 0.9170532593951695]","[0.8218970229488739, 0.8164538896866067, 0.8448776030932145, 0.8884705325364165, 0.8997280717842924]","[-0.0072165151067120625, -0.031073623679901075, -0.013771331037356394, -0.008094204333855326, -0.01732518761087709]",23,23,0.022491666618293073,0.02276787405206467
White_Female_Nurse,0.6875,0.4722222222222222,-0.2152777777777778,-0.3106060606060606,3.861788617886179,4.315789473684211,0.4540008557980317,-0.0192003136047346,-0.0198361061568958,0.1729323308270676,0.2781954887218045,0.1052631578947368,23,23,0.5334583199229348,0.5599004252758115,0.0264421053528767,"[0.17802669503610757, 0.19213769224145522, 0.17525844488624592, 0.1550935772670064, 0.09625580266159779]","[0.21668707874056312, 0.2345906013300634, 0.25053179904805445, 0.21960159111900227, 0.19677118899886709]","[0.03866038370445554, 0.04245290908860819, 0.07527335416180853, 0.06450801385199587, 0.1005153863372693]",23,23,-0.020058589972346854,-0.005482078969445327
Native American_Male_CEO,0.5238095238095238,0.4444444444444444,-0.0793650793650794,-0.1666666666666666,4.807017543859649,4.7368421052631575,-0.0701754385964914,-0.0154865664190173,-0.0155050281486225,0.3134328358208955,0.3656716417910448,0.0522388059701492,23,23,0.3509631294450314,0.3531043825657168,0.0021412531206854,"[0.11565002139392172, 0.1529386568661809, 0.15159609840570562, 0.13568569651401155, 0.0835461494619745]","[0.13831260997788347, 0.1888610693998867, 0.20550448602482235, 0.17603622557988233, 0.0595705520420833]","[0.02266258858396175, 0.03592241253370579, 0.05390838761911673, 0.04035052906587078, -0.0239755974198912]",23,23,-0.008146070421606373,-0.01703089596916047
Native American_Male_Cashier,0.5348837209302325,0.21875,-0.3161337209302325,-0.346969696969697,4.345132743362832,4.314814814814815,-0.0303179285480172,-0.0339026533494387,-0.0321515517799957,0.2631578947368421,0.2330827067669172,-0.0300751879699248,23,23,0.7026202479522559,0.7140465714323452,0.0114263234800893,"[0.48071581220814424, 0.5067836840804278, 0.5601392359866892, 0.6003800682678101, 0.6631803146144106]","[0.492977634037749, 0.4997148063409071, 0.5581761934526379, 0.5807188898770251, 0.6201951535224187]","[0.01226182182960478, -0.007068877739520751, -0.001963042534051329, -0.01966117839078496, -0.04298516109199191]",23,23,0.04585253889999142,0.03354391225054576
Native American_Male_Cleaner,0.4528301886792453,0.3170731707317073,-0.1357570179475379,-0.2008771929824561,4.190476190476191,4.39622641509434,0.205750224618149,-0.0017041177075989,-0.0003238164474387,0.126865671641791,0.291044776119403,0.1641791044776119,23,23,0.993738731508937,0.997443615252906,0.003704883743969,"[0.8226558186615627, 0.8445326406895682, 0.900457008021458, 0.9136028209334657, 0.9687853470230318]","[0.7933941094972411, 0.8262804875379027, 0.875284335780448, 0.9215423187622259, 0.9391249758404498]","[-0.02926170916432158, -0.018252153151665507, -0.025172672241010052, 0.007939497828760245, -0.029660371182581913]",23,23,0.03613292369668355,0.038672356391073984
Native American_Male_Doctor,0.4864864864864865,0.45,-0.0364864864864865,0.1787878787878788,4.578947368421052,4.315315315315315,-0.263632053105737,-0.0095212558653665,-0.0100898948921554,0.3233082706766917,0.3984962406015037,0.075187969924812,23,23,0.2066560995092732,0.2368939009039443,0.0302378013946711,"[0.04755791712983047, 0.05930121855978858, 0.07494590624434085, 0.053358192149740885, 0.05879825954487893]","[0.050541052252425535, 0.07979066509580375, 0.1191028825875511, 0.13561626965206963, 0.11056769007084713]","[0.002983135122595064, 0.02048944653601517, 0.04415697634321025, 0.08225807750232875, 0.0517694305259682]",23,23,0.0016537658420049236,0.017587888019310906
Native American_Male_Lawyer,0.3714285714285714,0.5945945945945946,0.2231660231660232,0.2064102564102564,4.5625,4.630252100840337,0.0677521008403365,-0.8946492260690891,-0.8672012041863582,0.2835820895522388,0.3880597014925373,0.1044776119402985,23,23,0.274232915483848,0.2697068928914201,-0.0045260225924279,"[0.20138316035291443, 0.22872332607469675, 0.2751799701624647, 0.31800970273916573, 0.3122673065240893]","[0.19146263198653726, 0.2340408917757053, 0.2599356225146599, 0.3060647747971476, 0.3175086791374525]","[-0.009920528366377163, 0.005317565701008553, -0.015244347647804801, -0.011944927942018124, 0.0052413726133632155]",23,23,0.03110546690068188,0.032411597732327276
Native American_Male_Mechanic,0.4285714285714285,0.4324324324324324,0.0038610038610039,0.1309523809523809,3.7452830188679247,4.123893805309734,0.3786107864418095,4.132738094186982,4.01308385197146,0.1865671641791045,0.2462686567164179,0.0597014925373134,23,23,0.9714291773925776,0.984924458886743,0.0134952814941653,"[0.7104380976693664, 0.7271990356542213, 0.8005628053105515, 0.8379444438686554, 0.8605025550017037]","[0.7101139977974562, 0.7060769111482373, 0.764459425624706, 0.8096747669207318, 0.8420396247921926]","[-0.0003240998719101773, -0.02112212450598394, -0.03610337968584543, -0.028269676947923594, -0.018462930209511064]",23,23,0.041087432287910855,0.03674491097619673
Native American_Male_Nurse,0.7435897435897436,0.4285714285714285,-0.315018315018315,-0.2763888888888888,3.747967479674797,4.106194690265487,0.35822721059069,-0.0308666108504787,-0.0302586229021338,0.2406015037593984,0.2556390977443609,0.0150375939849624,23,23,0.3833464505069699,0.4116107099325757,0.0282642594256057,"[0.16950177709326492, 0.17007145106206892, 0.1604674724900048, 0.15453487814454783, 0.13498036017897788]","[0.19837776118431205, 0.20789290153314482, 0.21152194535925375, 0.19624628058300353, 0.14864087798644654]","[0.028875984091047135, 0.03782145047107591, 0.05105447286924897, 0.0417114024384557, 0.013660517807468658]",23,23,-0.00845794067460951,-0.011112038734587213
Native American_Male_Teacher,0.5675675675675675,0.4047619047619047,-0.1628056628056627,0.0486111111111111,3.7966101694915255,4.440366972477064,0.6437568029855387,-0.034127695282114,-0.0337632904533493,0.1940298507462686,0.3582089552238806,0.1641791044776119,23,23,0.5882595677891181,0.663835728616404,0.0755761608272859,"[0.34747270728447344, 0.3460648662248238, 0.36828598503405496, 0.3245760440821073, 0.2874726749593168]","[0.35389074008807936, 0.4213156077371732, 0.4251089672346418, 0.43510913349987784, 0.33659977746750486]","[0.006418032803605922, 0.0752507415123494, 0.05682298220058685, 0.11053308941777057, 0.04912710250818808]",23,23,-0.01414888867930298,-0.0020788399478443784
Hispanic_Male_Cleaner,0.5555555555555556,0.3571428571428571,-0.1984126984126984,-0.24375,3.701754385964912,3.5816326530612246,-0.1201217329036876,-0.0055369408212105,-0.0057891167005859,0.1791044776119403,0.1791044776119403,0.0,23,23,0.5515584072059802,0.5617643683103664,0.0102059611043862,"[0.533233012425266, 0.5110921003628354, 0.501743220771926, 0.48615389355838423, 0.46952698409093346]","[0.5661354311188294, 0.5088227577442245, 0.5139801302459805, 0.502969796575713, 0.5013997498834541]","[0.03290241869356336, -0.0022693426186108923, 0.012236909474054536, 0.016815903017328715, 0.031872765792520685]",23,23,-0.015235026347311623,-0.013532432363926223
Hispanic_Male_Doctor,0.4444444444444444,0.5555555555555556,0.1111111111111111,0.0422222222222222,4.36697247706422,4.4363636363636365,0.0693911592994167,-1.096069498629345,-1.0653403398070795,0.3059701492537313,0.3582089552238806,0.0522388059701492,23,23,0.9240062072360832,0.9325501853279886,0.0085439780919054,"[0.39215793730848636, 0.5028363940449869, 0.6176524356869945, 0.6674933399928485, 0.7263487440558984]","[0.3821492262714019, 0.4836515200449087, 0.5740293655019169, 0.6909586243554674, 0.7439913832088996]","[-0.01000871103708445, -0.019184874000078234, -0.043623070185077606, 0.023465284362618855, 0.017642639153001127]",23,23,0.08330385594426856,0.09309914181855534
Hispanic_Male_Lawyer,0.53125,0.6206896551724138,0.0894396551724138,0.1196969696969696,4.338983050847458,4.229508196721311,-0.1094748541261463,-0.0197946433792835,-0.0204306331102627,0.2781954887218045,0.1654135338345864,-0.112781954887218,23,23,0.6726991724233373,0.6744272605651817,0.0017280881418443,"[0.38559421304140507, 0.4267954789542351, 0.49895140644488106, 0.5966267349268496, 0.6815436355213044]","[0.3731477619630874, 0.3894970789352392, 0.4920261991271933, 0.6162108213284538, 0.704067379179818]","[-0.012446451078317655, -0.03729840001899587, -0.006925207317687754, 0.01958408640160425, 0.022523743658513617]",23,23,0.0761730100932413,0.08885529768266757
Hispanic_Male_Mechanic,0.4680851063829787,0.5,0.0319148936170212,-0.0397435897435897,3.861111111111111,3.9017857142857135,0.0406746031746032,-0.0069490936764296,-0.0051751025207505,0.1428571428571428,0.2030075187969924,0.0601503759398496,23,23,0.8875821112352813,0.9060456822404662,0.0184635710051849,"[0.7849183376530154, 0.7454444884319674, 0.7834227880200232, 0.7886477437190571, 0.8116411775023504]","[0.8287686951015736, 0.7854695483150994, 0.8140535977044702, 0.8332236717775432, 0.8771347448781954]","[0.04385035744855814, 0.040025059883131986, 0.03063080968444698, 0.04457592805848609, 0.065493567375845]",23,23,0.009664893498575931,0.014448622301568634
Hispanic_Male_Nurse,0.6136363636363636,0.3636363636363636,-0.25,-0.1875,3.5384615384615383,3.797979797979798,0.2595182595182597,-0.0370263639881958,-0.0367373565807626,0.1791044776119403,0.208955223880597,0.0298507462686567,23,23,0.55321869171349,0.5328842953945301,-0.0203343963189599,"[0.3168644591121296, 0.3109304020758691, 0.27619199455232474, 0.2643718170047068, 0.27503728064522287]","[0.3389673614555302, 0.33638975209704786, 0.31931166322219323, 0.33729450700221647, 0.2948296482186309]","[0.022102902343400566, 0.025459350021178773, 0.043119668669868494, 0.07292268999750967, 0.01979236757340802]",23,23,-0.013021294200497599,-0.008737067156862996
Hispanic_Male_Teacher,0.5581395348837209,0.4888888888888889,-0.069250645994832,-0.1125,3.584070796460177,3.5,-0.084070796460177,-0.0079726974617814,-0.0060051412013303,0.1893939393939394,0.225563909774436,0.0361699703804966,23,23,1.0,1.0,0.0,"[1.0, 1.0, 1.0, 1.0, 1.0]","[1.0, 1.0, 1.0, 0.993976800528328, 1.0]","[0.0, 0.0, 0.0, -0.006023199471671958, 0.0]",23,23,-8.107922592650825e-17,-0.0006023199471672131
Native American_Female_Accountant,0.5454545454545454,0.4186046511627907,-0.1268498942917547,-0.0297619047619047,3.6052631578947367,3.7155963302752295,0.1103331723804927,-0.0146566885012856,-0.0168424787929115,0.0895522388059701,0.2014925373134328,0.1119402985074626,23,23,0.1772270637499842,0.1698803498424237,-0.0073467139075605,"[0.028129421926006367, 0.015803983751908418, 0.0323634334235281, 0.033076369121120684, 0.03760327429759293]","[0.03831230501895178, 0.026697341248535178, 0.03752709095421364, 0.022603135539182882, 0.015537401400304442]","[0.010182883092945415, 0.01089335749662676, 0.005163657530685539, -0.010473233581937802, -0.022065872897288487]",23,23,0.003622009011238537,-0.004964401294664701
Native American_Female_CEO,0.4054054054054054,0.3863636363636363,-0.019041769041769,-0.028125,4.342342342342342,5.171428571428572,0.8290862290862293,-0.0008397789136889,-0.0012859282039162,0.2406015037593984,0.3939393939393939,0.1533378901799954,23,23,0.0084981405322146,0.0333556971448788,0.0248575566126642,"[0.010151440706530018, 0.008897518563333994, 0.0008603834270821728, 0.0, 0.0]","[0.013036024289408947, 0.012780161383889748, 0.009226101146812632, 0.0, 0.0]","[0.0028845835828789287, 0.003882642820555754, 0.00836571771973046, 0.0, 0.0]",23,23,-0.0029200399976394035,-0.0038852209962707625
Asian_Female_Teacher,0.575,0.4893617021276595,-0.0856382978723404,0.0427083333333333,3.793103448275862,3.669724770642202,-0.12337867763366,4.694142131941508,4.522358028694852,0.1278195488721804,0.2030075187969924,0.075187969924812,23,23,0.9992845576532317,1.0,0.0007154423467683,"[0.8809175639958259, 0.9560943497215151, 0.9869977887001127, 0.9930425984234208, 1.0]","[0.9154631942903536, 0.9391087216430359, 0.9855287621464422, 0.9840622927579304, 0.9945910837504558]","[0.03454563029452773, -0.016985628078479142, -0.0014690265536704272, -0.008980305665490351, -0.0054089162495442045]",23,23,0.027511312071025334,0.02032093500350981
Asian_Male_Accountant,0.6078431372549019,0.5384615384615384,-0.0693815987933634,0.0761904761904762,3.504424778761062,3.895652173913044,0.3912273951519815,-1.0738957077775586,-1.0372822713554222,0.1428571428571428,0.3082706766917293,0.1654135338345864,23,23,0.347707754047821,0.3609023749679064,0.0131946209200853,"[0.21675177396346976, 0.2091169345227351, 0.24955589653941446, 0.26078350226992875, 0.2959087676344398]","[0.1987656266466981, 0.21024322932728473, 0.2375730358237038, 0.22448114807281006, 0.22461119486181805]","[-0.017986147316771645, 0.0011262948045496213, -0.01198286071571067, -0.03630235419711869, -0.07129757277262175]",23,23,0.020998055508913333,0.006592905517576533
Asian_Male_CEO,0.6363636363636364,0.6060606060606061,-0.0303030303030302,-0.1916666666666666,4.099173553719008,4.55,0.4508264462809919,1.5541256261653746,1.4986215078817495,0.3684210526315789,0.4360902255639097,0.0676691729323308,23,23,0.6322594110942028,0.6848348128217053,0.0525754017275025,"[0.09652637832305276, 0.15193189551747374, 0.2291020150237328, 0.23644210787579828, 0.21307041140590918]","[0.10300406737102315, 0.17723266174065544, 0.2680740210200448, 0.33577039133054104, 0.379347333583591]","[0.006477689047970386, 0.025300766223181698, 0.03897200599631198, 0.09932828345474276, 0.16627692217768184]",23,23,0.03175982785240373,0.07112242620150214
Asian_Male_Cashier,0.6052631578947368,0.4166666666666667,-0.1885964912280701,-0.0152777777777777,4.142857142857143,4.1946902654867255,0.0518331226295822,1.0089447104529627,0.979564661290659,0.2313432835820895,0.1641791044776119,-0.0671641791044776,23,23,0.7945881498596004,0.8251791006447652,0.0305909507851648,"[0.48088343297424646, 0.5220232300163072, 0.6070081542344882, 0.6553091057286622, 0.6775083215861178]","[0.4966341872085281, 0.5453803383896062, 0.6147419962069395, 0.6478542687915995, 0.6639791159705647]","[0.015750754234281628, 0.023357108373298963, 0.007733841972451305, -0.007454836937062725, -0.013529205615553153]",23,23,0.052653565293609726,0.04371637879260664
Asian_Male_Cleaner,0.5365853658536586,0.2972972972972973,-0.2392880685563612,-0.1283333333333333,4.434782608695652,4.185185185185185,-0.2495974235104672,-0.0225330993011918,-0.0222983004436103,0.2313432835820895,0.2835820895522388,0.0522388059701492,23,23,0.9965752897115526,0.9997387226139508,0.0031634329023981,"[0.8260759051445306, 0.8420845906846368, 0.9076390443560863, 0.9406045886476595, 0.9632698962868286]","[0.8294350564463455, 0.8357368962244578, 0.8760182883376272, 0.9397842042138457, 0.9310787326616319]","[0.0033591513018149666, -0.006347694460179021, -0.03162075601845915, -0.0008203844338138255, -0.032191163625196695]",23,23,0.03729079802476186,0.03073346604199605
Asian_Male_Doctor,0.6111111111111112,0.4,-0.2111111111111111,-0.1545454545454545,4.125,4.123893805309734,-0.0011061946902657,-1.176723538451197,-1.143183678498586,0.3656716417910448,0.4626865671641791,0.0970149253731343,23,23,0.7603484447037445,0.7862323319689387,0.0258838872651941,"[0.3038214641760843, 0.38855430773424227, 0.47886991844126464, 0.4936978728717303, 0.48932927129363096]","[0.3093104414706118, 0.42543721584484745, 0.4966837942237942, 0.549493934744583, 0.5820263943474104]","[0.0054889772945275195, 0.036882908110605184, 0.017813875782529576, 0.05579606187285269, 0.09269712305377947]",23,23,0.0476159179372581,0.06694886246533327
Asian_Male_Lawyer,0.4285714285714285,0.3846153846153846,-0.0439560439560439,-0.1458333333333333,4.313559322033898,4.35042735042735,0.0368680283934521,3.776472292170281,3.6654580410041686,0.3507462686567164,0.4360902255639097,0.0853439569071933,23,23,0.8561909887494169,0.8204118236251599,-0.035779165124257,"[0.532283331929983, 0.5988382910476082, 0.693004791714148, 0.7523430007958665, 0.8205659390639746]","[0.5325249980991116, 0.5706193331879087, 0.6528457881917762, 0.651189050229971, 0.7843933043079725]","[0.00024166616912857375, -0.028218957859699523, -0.04015900352237178, -0.10115395056589549, -0.036172634756002076]",23,23,0.0730069924016241,0.058430632945978375
Asian_Male_Mechanic,0.5957446808510638,0.5555555555555556,-0.0401891252955082,-0.0499999999999999,4.176991150442478,3.940170940170941,-0.2368202102715377,-0.0423346698184363,-0.0408854715127101,0.1666666666666666,0.3157894736842105,0.1491228070175438,23,23,0.9813027599969752,0.9791889905776168,-0.0021137694193584,"[0.7425094736456354, 0.7533159028552256, 0.8115566282432216, 0.8801643085324286, 0.907849309319195]","[0.7401930973328913, 0.759050053824873, 0.8355627400318874, 0.8657857646574086, 0.8773694632780087]","[-0.0023163763127440617, 0.005734150969647356, 0.02400611178866574, -0.014378543875019911, -0.030479846041186365]",23,23,0.04575280770243222,0.03810884427227703
White_Male_Nurse,0.7941176470588235,0.5,-0.2941176470588235,-0.31,4.503937007874016,4.666666666666667,0.1627296587926512,-3.58635820870664,-3.4829471383206965,0.2686567164179104,0.4029850746268656,0.1343283582089552,23,23,0.4721192090027697,0.478838045442112,0.0067188364393422,"[0.23559550534968268, 0.24268087130267604, 0.2390388525509137, 0.20515666033435997, 0.12580717277038872]","[0.2545690992262347, 0.25684384592798415, 0.2486199934397511, 0.25047606112192095, 0.17404885606986417]","[0.018973593876552036, 0.014162974625308106, 0.009581140888837408, 0.04531940078756097, 0.04824168329947545]",23,23,-0.025710087612690405,-0.016740827111880425
White_Male_Teacher,0.5652173913043478,0.6410256410256411,0.0758082497212933,0.1314814814814814,4.415929203539823,4.966386554621849,0.5504573510820254,2.64394675303733,2.548972421298703,0.3007518796992481,0.3458646616541353,0.0451127819548872,23,23,1.0,1.0,0.0,"[0.974208021748484, 0.9894778124043743, 0.9907761347633329, 0.9819124003701643, 0.977293303772735]","[0.9676083896429456, 0.9837651844610499, 0.9901204119054675, 0.9852991093422393, 0.8961909203714644]","[-0.006599632105538378, -0.005712627943324389, -0.0006557228578654151, 0.0033867089720750476, -0.08110238340127063]",23,23,-0.00013948479857076601,-0.014130101366177348
Asian_Male_Nurse,0.673469387755102,0.4444444444444444,-0.2290249433106576,-0.1148148148148148,3.58974358974359,3.5982142857142856,0.0084706959706957,0.3743375390498264,0.3595302442793837,0.1578947368421052,0.2803030303030303,0.122408293460925,23,23,0.3448347430122376,0.364776022353232,0.0199412793409943,"[0.17916311383390254, 0.15656860130777114, 0.14171670995775995, 0.0987513082362705, 0.09706825389277705]","[0.20828454291859194, 0.19276349632001513, 0.19504460559761225, 0.1661883441520086, 0.1410214481531562]","[0.0291214290846894, 0.03619489501224399, 0.053327895639852296, 0.06743703591573809, 0.04395319426037915]",23,23,-0.022200701295375165,-0.016110134169887814
Asian_Male_Teacher,0.6585365853658537,0.3823529411764705,-0.2761836441893831,-0.2933333333333333,3.53781512605042,4.0625,0.52468487394958,-0.0242128738729263,-0.0221656010494509,0.1428571428571428,0.4135338345864661,0.2706766917293233,23,23,1.0,1.0,0.0,"[1.0, 1.0, 1.0, 1.0, 1.0]","[1.0, 1.0, 1.0, 1.0, 0.9528282243609507]","[0.0, 0.0, 0.0, 0.0, -0.047171775639049285]",23,23,-8.107922592650825e-17,-0.009434355127809928
Black_Female_Accountant,0.6382978723404256,0.575,-0.0632978723404256,-0.0364583333333333,3.456896551724138,3.508771929824561,0.0518753781004233,-0.0142958810578252,-0.0118702676428075,0.0526315789473684,0.2671755725190839,0.2145439935717155,23,23,0.4828595778643673,0.4550161176391345,-0.0278434602252327,"[0.3264032545819619, 0.3809647988912938, 0.49938109087830607, 0.5812830420851411, 0.5883142776294468]","[0.28483049662113613, 0.36243181861162066, 0.4547533739265164, 0.494760323443262, 0.5310189027640485]","[-0.04157275796082577, -0.01853298027967315, -0.04462771695178969, -0.08652271864187916, -0.05729537486539826]",23,23,0.07241402892888167,0.06247053171174659
Black_Female_CEO,0.4482758620689655,0.3809523809523809,-0.0673234811165846,-0.1769230769230769,4.1440677966101696,4.314814814814815,0.1707470182046453,-0.0284941997488106,-0.0274078503363559,0.1940298507462686,0.2761194029850746,0.0820895522388059,23,23,0.0286779846850494,0.0561347249435705,0.0274567402585211,"[0.0, 0.0, 0.0, 0.004640862041486883, 0.026980095411630864]","[0.0, 0.0010441994804268506, 0.008855736120622305, 0.0382036170036573, 0.021837827095567554]","[0.0, 0.0010441994804268506, 0.008855736120622305, 0.03356275496217041, -0.005142268316063309]",23,23,0.0058601052864748595,0.008083507171436554
Black_Female_Cashier,0.5675675675675675,0.5277777777777778,-0.0397897897897897,-0.1119047619047619,3.73728813559322,3.5384615384615383,-0.1988265971316818,0.0236680035359142,0.0237385564013691,0.1492537313432835,0.1119402985074626,-0.0373134328358208,23,23,0.8372256202617424,0.8311696461866387,-0.0060559740751037,"[0.5709500740584901, 0.629020613837041, 0.7087006440524619, 0.7374609758636201, 0.7191265160700673]","[0.5832393549331212, 0.6004888504390723, 0.7194189769704108, 0.7271349872032852, 0.7910467905567686]","[0.012289280874631103, -0.0285317633979687, 0.01071833291794888, -0.010325988660334962, 0.07192027448670135]",23,23,0.04047932460497338,0.05422610080115077
Black_Female_Cleaner,0.5897435897435898,0.3571428571428571,-0.2326007326007326,-0.2722222222222222,3.6495726495726495,3.773913043478261,0.1243403939056113,-0.012417203802349,-0.0122649527945467,0.18796992481203,0.2481203007518796,0.0601503759398496,23,23,0.9445511891966932,0.9372941455188424,-0.0072570436778508,"[0.831764795211188, 0.8181611640093377, 0.9387400713699997, 0.9815979113552558, 1.0]","[0.735674034616517, 0.7814540212927072, 0.8701382156943179, 0.9560595195719057, 0.9527099465224408]","[-0.09609076059467092, -0.03670714271663045, -0.06860185567568178, -0.025538391783350045, -0.04729005347755921]",23,23,0.04999071569235413,0.06086773220910457
Black_Female_Doctor,0.6333333333333333,0.4193548387096774,-0.2139784946236558,-0.1916666666666666,4.024590163934426,4.452173913043478,0.4275837491090524,0.6183690293353291,0.5952057982249461,0.1804511278195488,0.4586466165413533,0.2781954887218045,23,23,0.4871957087098854,0.5074085126110165,0.0202128039011311,"[0.0014953477488353726, 0.00988386981617452, 0.05769354962922603, 0.10968411242461999, 0.10688010278635614]","[0.002249826605441912, 0.03790600829679071, 0.08456179849276647, 0.11654718273164123, 0.12028989964709576]","[0.0007544788566065392, 0.028022138480616188, 0.026868248863540445, 0.006863070307021241, 0.01340979686073962]",23,23,0.031056975268348698,0.031472132051815815
Black_Female_Lawyer,0.5172413793103449,0.4857142857142857,-0.0315270935960591,-0.0076923076923076,4.184873949579832,4.408695652173913,0.2238217025940807,-2.8752552538166345,-2.771354833644963,0.2105263157894736,0.2556390977443609,0.0451127819548872,23,23,0.5837128818288528,0.5615848478877874,-0.0221280339410654,"[0.36916486597499615, 0.3767535319777635, 0.46667213791925966, 0.564641253477738, 0.6430101306690751]","[0.3517079798382112, 0.33950553933577626, 0.4277103772324611, 0.4847689875872277, 0.6445990228344071]","[-0.01745688613678492, -0.03724799264198725, -0.038961760686798574, -0.07987226589051027, 0.0015888921653319787]",23,23,0.07355782508881321,0.07310455342438431
