intersectional_id,control_id,n_target_imp,n_control_imp,accuracy_imp,f1_score_imp,n_target_exp,n_control_exp,accuracy_exp,f1_score_exp,accuracy_delta,f1_score_delta
Asian_Female_Mechanic,Hispanic_Female_Mechanic,133,134,0.6029921209607962,0.5950688037452744,132,134,0.6401799100449775,0.635964878258996,0.0371877890841813,0.04089607451372157
Asian_Female_Mechanic,Asian_Male_Mechanic,133,132,0.7354980404534576,0.7313880218986284,132,133,0.7854493805728715,0.7836153682965473,0.049951340119413934,0.05222734639791893
Asian_Female_Mechanic,White_Female_Mechanic,133,133,0.8445585717779409,0.8431870464038473,132,133,0.8183097779855993,0.8173225417107508,-0.026248793792341574,-0.025864504693096535
Asian_Female_Mechanic,Black_Female_Mechanic,133,133,0.6266852016321067,0.6131773751556853,132,133,0.6987619452152023,0.6957457335074679,0.07207674358309557,0.08256835835178267
Asian_Female_Mechanic,Native American_Female_Mechanic,133,134,0.6178091805161248,0.6084678111798777,132,134,0.6784107946026987,0.6703218825655249,0.06060161408657394,0.06185407138564725
White_Male_Teacher,Hispanic_Male_Teacher,133,132,0.8443699203030064,0.8419269797725251,133,133,0.8607196401799101,0.8603256482307756,0.0163497198769037,0.018398668458250556
White_Male_Teacher,Asian_Male_Teacher,133,133,0.8856071964017991,0.8831684733106165,133,133,0.8614692653673164,0.8610568235537656,-0.024137931034482696,-0.022111649756850982
White_Male_Teacher,Native American_Male_Teacher,133,134,0.8430125078292559,0.8371825582567313,133,134,0.8345739935847553,0.8308515793700131,-0.008438514244500595,-0.006330978886718186
White_Male_Teacher,White_Female_Teacher,133,134,0.6716673578104564,0.66777779315882,133,134,0.6640913585760311,0.6547411299505967,-0.007575999234425312,-0.013036663208223276
Hispanic_Male_Mechanic,Hispanic_Female_Mechanic,133,134,0.779785594859522,0.7779176569143712,133,134,0.8139487919221061,0.8133366321096449,0.03416319706258408,0.035418975195273705
Hispanic_Male_Mechanic,Black_Male_Mechanic,133,133,0.6541229385307347,0.6435944251510527,133,133,0.6616191904047974,0.6517823681646835,0.007496251874062776,0.008187943013630794
Hispanic_Male_Mechanic,Asian_Male_Mechanic,133,132,0.6766811178549991,0.665264574539657,133,133,0.6303740389582936,0.6249687283132221,-0.04630707889670549,-0.040295846226434895
Hispanic_Male_Mechanic,White_Male_Mechanic,133,133,0.7660791744585234,0.7558727298561058,133,133,0.7202974880340984,0.7141255973709492,-0.04578168642442493,-0.0417471324851566
Hispanic_Male_Mechanic,Native American_Male_Mechanic,133,134,0.660422979999362,0.6431395085155949,133,134,0.6360330473061342,0.6324670367844731,-0.024389932693227756,-0.010672471731121735
White_Female_CEO,Native American_Female_CEO,133,133,0.8598200899550225,0.8590283024290606,132,132,0.805408010280574,0.8007809222903562,-0.0544120796744485,-0.05824738013870434
White_Female_CEO,Asian_Female_CEO,133,133,0.846176911544228,0.845141525015694,132,133,0.8116310265919671,0.8063892762979797,-0.03454588495226096,-0.03875224871771421
White_Female_CEO,White_Male_CEO,133,133,0.7071473580326185,0.7009368040188945,132,133,0.6522831345385761,0.644064057875051,-0.05486422349404241,-0.05687274614384341
White_Female_CEO,Black_Female_CEO,133,134,0.8425506608208224,0.8414593776421972,132,134,0.7998120760448443,0.7959404830825433,-0.04273858477597814,-0.045518894559653966
White_Female_CEO,Hispanic_Female_CEO,133,133,0.8141678021171785,0.8071574359645469,132,134,0.8321061733570904,0.8309833882681701,0.01793837123991182,0.023825952303623166
White_Male_Nurse,White_Female_Nurse,134,133,0.6545271682340648,0.64934067173682,134,133,0.6690386624869384,0.6663136940567436,0.01451149425287368,0.016973022319923592
White_Male_Nurse,Asian_Male_Nurse,134,133,0.9121566876136399,0.9116733367423059,134,132,0.9257332140200896,0.9255064556921306,0.013576526406449685,0.013833118949824752
White_Male_Nurse,Native American_Male_Nurse,134,133,0.8270343551628441,0.8259179235075861,134,133,0.8510223611598458,0.8501226616073503,0.023988005997001682,0.0242047380997642
White_Male_Nurse,Black_Male_Nurse,134,133,0.7748257778498634,0.7687082157287636,134,133,0.8260731760062715,0.8253407503166242,0.05124739815640811,0.05663253458786066
White_Male_Nurse,Hispanic_Male_Nurse,134,134,0.8363903154805575,0.8355256544380764,134,134,0.8781364636830521,0.8780070394179511,0.04174614820249456,0.04248138497987475
Black_Male_Accountant,Black_Female_Accountant,133,133,0.7541229385307346,0.7516954652386141,132,131,0.8007627765064835,0.7988600485978165,0.04663983797574889,0.04716458335920237
Black_Male_Accountant,Native American_Male_Accountant,133,134,0.6337302746931619,0.6254854307032714,132,134,0.6353652568131472,0.6230159971327929,0.001634982119985251,-0.002469433570478574
Black_Male_Accountant,Hispanic_Male_Accountant,133,133,0.613713282247765,0.6078082389712922,132,133,0.699484680152325,0.6960930967197736,0.08577139790456001,0.08828485774848138
Black_Male_Accountant,Asian_Male_Accountant,133,133,0.6782608695652174,0.6683326702069803,132,133,0.6849706725584574,0.6755622364963891,0.006709802993240088,0.007229566289408851
Black_Male_Accountant,White_Male_Accountant,133,134,0.8361393961249715,0.8343689001630177,132,134,0.7951111325012856,0.793275851901998,-0.041028263623685834,-0.04109304826101967
Black_Female_Lawyer,White_Female_Lawyer,133,133,0.8338830584707646,0.8329705235298291,133,133,0.8019490254872563,0.8000760192859868,-0.031934032983508276,-0.032894504243842326
Black_Female_Lawyer,Asian_Female_Lawyer,133,133,0.6590704647676161,0.6558734556976606,133,133,0.5328335832083958,0.5311313412575684,-0.1262368815592203,-0.1247421144400922
Black_Female_Lawyer,Native American_Female_Lawyer,133,133,0.583808095952024,0.5617172495225926,133,133,0.5709145427286357,0.5623627657930932,-0.012893553223388254,0.000645516270500579
Black_Female_Lawyer,Black_Male_Lawyer,133,132,0.6978102993957566,0.6928231691201812,133,133,0.6508879488827015,0.6450151535833782,-0.046922350513055044,-0.04780801553680292
White_Male_Doctor,White_Female_Doctor,133,133,0.6895052473763117,0.6856069196300355,133,133,0.6697151424287856,0.6665103776935812,-0.019790104947526088,-0.01909654193645427
White_Male_Doctor,Black_Male_Doctor,133,133,0.8629886804318205,0.862107978115431,133,133,0.8340635153547845,0.8326089106215961,-0.02892516507703602,-0.029499067493834907
White_Male_Doctor,Hispanic_Male_Doctor,133,134,0.868823394420221,0.867564676006636,133,134,0.8559315477166181,0.855691240477461,-0.012891846703602994,-0.01187343552917497
White_Male_Doctor,Native American_Male_Doctor,133,133,0.8071321002432714,0.8003319329154339,133,133,0.8274381846031073,0.825084138432868,0.02030608435983583,0.024752205517434067
White_Male_Doctor,Asian_Male_Doctor,133,134,0.8744106670069222,0.8722086907201468,133,134,0.8630737822578073,0.8623462243930355,-0.011336884749114873,-0.009862466327111297
Asian_Female_Cleaner,White_Female_Cleaner,133,133,0.8522961007534511,0.8511309569420437,133,133,0.8524170928889621,0.8512347024483683,0.00012099213551097776,0.0001037455063246373
Asian_Female_Cleaner,Native American_Female_Cleaner,133,133,0.7440779610194903,0.7400381136391231,133,133,0.7845577211394303,0.7831153091312899,0.040479760119940034,0.04307719549216682
Asian_Female_Cleaner,Black_Female_Cleaner,133,133,0.7839580209895052,0.7823227236161981,133,133,0.8433283358320839,0.8424482727287657,0.05937031484257871,0.06012554911256751
Asian_Female_Cleaner,Hispanic_Female_Cleaner,133,134,0.6760934069757878,0.6689208749000266,133,134,0.835843123857245,0.835436764133294,0.15974971688145723,0.16651588923326743
Asian_Female_Cleaner,Asian_Male_Cleaner,133,134,0.8063797888289898,0.8052238052240371,133,134,0.8501802290344189,0.8495738378884063,0.04380044020542917,0.04435003266436921
Black_Female_Teacher,Native American_Female_Teacher,133,134,0.6733739513222112,0.6662746920622283,133,134,0.6917349835720438,0.682628239407651,0.018361032249832543,0.016353547345422714
Black_Female_Teacher,Asian_Female_Teacher,133,133,0.642728635682159,0.6275172255259182,133,133,0.7377811094452774,0.7351276727543155,0.09505247376311843,0.1076104472283973
Black_Female_Teacher,Hispanic_Female_Teacher,133,134,0.6426110579369448,0.6318859546295007,133,134,0.5851115121015666,0.5530440300581974,-0.057499545835378196,-0.07884192457130335
Black_Female_Teacher,White_Female_Teacher,133,134,0.8879039203802355,0.8862294312038179,133,134,0.8313024338894384,0.8305294054766806,-0.056601486490797104,-0.05570002572713728
Native American_Male_CEO,Native American_Female_CEO,134,133,0.7826067369450772,0.7799529202181082,134,132,0.713518940417809,0.7116267894319561,-0.06908779652726826,-0.06832613078615213
Native American_Male_CEO,White_Male_CEO,134,133,0.8193754186736418,0.8109564940287622,134,133,0.8344381000988867,0.8302494775794591,0.015062681425244917,0.019292983550696863
Native American_Male_CEO,Black_Male_CEO,134,133,0.5901788817237519,0.5823976900834474,134,133,0.6261581135524064,0.6230172563996946,0.03597923182865448,0.04061956631624719
Native American_Male_CEO,Hispanic_Male_CEO,134,133,0.5978622960556196,0.5866503860880761,134,133,0.6734911609544773,0.670631914922063,0.07562886489885767,0.08398152883398691
Native American_Male_CEO,Asian_Male_CEO,134,133,0.5954075393913986,0.5650563466370243,134,133,0.6836586835761451,0.6708910941689642,0.08825114418474655,0.10583474753193989
Asian_Male_Cashier,Hispanic_Male_Cashier,134,133,0.6510127914766022,0.6424849716591764,134,133,0.6298287026699416,0.6227371712645456,-0.02118408880666056,-0.019747800394630755
Asian_Male_Cashier,Asian_Female_Cashier,134,133,0.8148680978659606,0.8141462879129022,134,133,0.7798909056110241,0.7741521490246281,-0.03497719225493645,-0.03999413888827408
Asian_Male_Cashier,Black_Male_Cashier,134,134,0.7307410124724871,0.7278171538541455,134,134,0.661408657373441,0.6562512501615654,-0.06933235509904612,-0.07156590369258009
Asian_Male_Cashier,Native American_Male_Cashier,134,133,0.6010964912280701,0.5859695883256409,134,133,0.6276315789473684,0.6165443702251808,0.026535087719298356,0.030574781899539882
Asian_Male_Cashier,White_Male_Cashier,134,133,0.7736738013971738,0.7709452646804562,134,133,0.7625219305240997,0.7577799899576106,-0.011151870873074121,-0.013165274722845566
Native American_Female_CEO,Asian_Female_CEO,133,133,0.6081708305981387,0.6051014332347369,132,133,0.678112605431407,0.6629848187418839,0.06994177483326824,0.057883385507147
Native American_Female_CEO,Black_Female_CEO,133,134,0.6150658713196593,0.5992147645810131,132,134,0.5847076461769115,0.564937459452579,-0.030358225142747775,-0.03427730512843408
Native American_Female_CEO,Hispanic_Female_CEO,133,133,0.6260531218959768,0.6179592873725108,132,134,0.6687222925687821,0.6659045780025931,0.04266917067280529,0.04794529063008224
White_Male_Lawyer,White_Female_Lawyer,133,133,0.7143928035982008,0.7118654059200956,133,133,0.6605697151424288,0.6596929149455746,-0.053823088455771995,-0.052172490974521035
White_Male_Lawyer,Asian_Male_Lawyer,133,134,0.8281986666241348,0.8227809333823813,133,133,0.836431784107946,0.8329983187946561,0.00823311748381128,0.010217385412274793
White_Male_Lawyer,Native American_Male_Lawyer,133,134,0.7766946314077005,0.7666935468176806,133,134,0.8175093304411624,0.8131376417451881,0.04081469903346191,0.04644409492750745
White_Male_Lawyer,Black_Male_Lawyer,133,132,0.8108787711407455,0.8077635468689417,133,133,0.8271364317841078,0.8264261179839405,0.016257660643362315,0.018662571114998805
White_Female_Accountant,Black_Female_Accountant,133,133,0.8601199400299852,0.8594474557602532,133,131,0.8501249375312343,0.8487086610819677,-0.009995002498750849,-0.010738794678285424
White_Female_Accountant,Native American_Female_Accountant,133,134,0.8452221257792157,0.8430835953878406,133,134,0.8517274257608038,0.850673789164006,0.0065052999815881085,0.0075901937761654326
White_Female_Accountant,Asian_Female_Accountant,133,133,0.8721139430284858,0.8702307191516576,133,133,0.8658170914542728,0.8637937055330699,-0.006296851574213003,-0.006437013618587728
White_Female_Accountant,Hispanic_Female_Accountant,133,134,0.8882962773932184,0.8872463351865527,133,134,0.915477367699129,0.9143986070412016,0.02718109030591065,0.027152271854648857
White_Female_Accountant,White_Male_Accountant,133,134,0.6412804236179783,0.6251885566424791,133,134,0.6736514721362724,0.6647399913593485,0.03237104851829409,0.039551434716869394
Hispanic_Male_Teacher,Asian_Male_Teacher,132,133,0.6945805972393743,0.6908847861048647,133,133,0.647976011994003,0.6331805892511803,-0.046604585245371255,-0.05770419685368444
Hispanic_Male_Teacher,Hispanic_Female_Teacher,132,134,0.8438926186807543,0.8395270124493746,133,134,0.8038112522686026,0.7981900609032436,-0.04008136641215165,-0.04133695154613093
Hispanic_Male_Teacher,Native American_Male_Teacher,132,134,0.6675793941934807,0.6595996712192497,133,134,0.7190016680907909,0.7136994190630057,0.051422273897310244,0.05409974784375604
White_Female_Lawyer,Asian_Female_Lawyer,133,133,0.8373313343328335,0.8342655018715478,133,133,0.7862068965517242,0.7836371406191699,-0.05112443778110931,-0.05062836125237791
White_Female_Lawyer,Native American_Female_Lawyer,133,133,0.8737631184407796,0.8718954250322837,133,133,0.7890554722638681,0.786730338918388,-0.08470764617691151,-0.08516508611389573
White_Female_Nurse,Hispanic_Female_Nurse,133,133,0.8721902937420178,0.8716012945907998,133,133,0.9008141762452107,0.9002839308649012,0.02862388250319281,0.028682636274101392
White_Female_Nurse,Black_Female_Nurse,133,133,0.8108184989252294,0.81045578887705,133,133,0.8790027158872972,0.8780595578833961,0.06818421696206778,0.06760376900634602
White_Female_Nurse,Asian_Female_Nurse,133,133,0.8554722638680661,0.8535729648894306,133,133,0.8745127436281859,0.8739469352077789,0.0190404797601198,0.02037397031834831
White_Female_Nurse,Native American_Female_Nurse,133,133,0.8505247376311844,0.8499685568596265,133,133,0.8692653673163419,0.8684985723210954,0.01874062968515744,0.01853001546146893
Native American_Female_Teacher,Asian_Female_Teacher,134,133,0.5625123608408562,0.5473128567944887,134,133,0.6202558295320425,0.6048970079042868,0.057743468691186295,0.05758415110979809
Native American_Female_Teacher,Hispanic_Female_Teacher,134,134,0.7469552457813646,0.7440815707419758,134,134,0.7074101247248716,0.7031229194186636,-0.03954512105649299,-0.04095865132331222
Native American_Female_Teacher,Native American_Male_Teacher,134,134,0.7650036683785766,0.7633618954467398,134,134,0.7933969185619956,0.7928654351549661,0.028393250183418983,0.02950353970822628
Native American_Female_Teacher,White_Female_Teacher,134,134,0.8702127659574467,0.8674710757424385,134,134,0.852971386647102,0.8490750173545367,-0.01724137931034464,-0.018396058387901815
White_Female_Doctor,Black_Female_Doctor,133,133,0.841276198068196,0.8392932314191736,133,133,0.8404138049776442,0.8374437150945286,-0.0008623930905518051,-0.0018495163246449176
White_Female_Doctor,Hispanic_Female_Doctor,133,133,0.8431729341384473,0.8424421128092835,133,133,0.878170295012685,0.8762948898045841,0.03499736087423766,0.03385277699530065
White_Female_Doctor,Native American_Female_Doctor,133,133,0.8683658170914542,0.8660335076253872,133,133,0.845127436281859,0.844717478265834,-0.02323838080959517,-0.021316029359553235
Hispanic_Female_Mechanic,White_Female_Mechanic,134,133,0.8666496538964561,0.8661653081572378,134,133,0.8148106797664998,0.8138071190486966,-0.051838974129956306,-0.052358189108541175
Hispanic_Female_Mechanic,Black_Female_Mechanic,134,133,0.6433091964655969,0.62924844923363,134,133,0.5725222495135411,0.5685535698701966,-0.07078694695205578,-0.06069487936343343
Hispanic_Female_Mechanic,Native American_Female_Mechanic,134,134,0.6253118121790169,0.6222005276284481,134,134,0.6409391049156272,0.6360508489437106,0.015627292736610343,0.013850321315262426
Asian_Male_Teacher,Asian_Female_Teacher,133,133,0.768497936881823,0.7651511631512975,133,133,0.7701775072310268,0.7626199211605496,0.0016795703492038516,-0.0025312419907479455
Asian_Male_Teacher,Native American_Male_Teacher,133,134,0.5995087562601679,0.5830703974222853,133,134,0.6485916616160005,0.6460573422876845,0.049082905355832596,0.06298694486539924
Hispanic_Female_Cashier,Hispanic_Male_Cashier,133,133,0.7741385746096716,0.772080974441378,133,133,0.8214477867449255,0.8202759183206899,0.04730921213525385,0.04819494387931189
Hispanic_Female_Cashier,Black_Female_Cashier,133,134,0.6370742941016443,0.6339152252045805,133,134,0.6500060103377809,0.6437712657712658,0.012931716236136648,0.009856040566685209
Hispanic_Female_Cashier,Asian_Female_Cashier,133,133,0.6466447854219031,0.6439364981656499,133,133,0.7566865911623631,0.7537572518738549,0.11004180574046007,0.10982075370820499
Hispanic_Female_Cashier,White_Female_Cashier,133,133,0.8515156195698342,0.8500900374051648,133,133,0.7733096497663822,0.7702558224108067,-0.07820596980345207,-0.07983421499435805
Hispanic_Female_Cashier,Native American_Female_Cashier,133,134,0.6383042521292545,0.6358494626810867,133,134,0.671102746499091,0.6704334628734797,0.032798494369836506,0.03458400019239305
Asian_Male_Nurse,Native American_Male_Nurse,133,133,0.5794602698650675,0.5604709000219041,132,133,0.6676372340145716,0.6607574912501828,0.08817696414950416,0.10028659122827865
Asian_Male_Nurse,Black_Male_Nurse,133,133,0.6653673163418292,0.6615833533910015,132,133,0.7161840132565297,0.7143751180638975,0.05081669691470048,0.052791764672896035
Asian_Male_Nurse,Hispanic_Male_Nurse,133,134,0.7291655863797425,0.7268884142107528,132,134,0.6998728813559322,0.6952813148219394,-0.029292705023810317,-0.03160709938881334
Asian_Male_Nurse,Asian_Female_Nurse,133,133,0.8000567140895875,0.7984472252893304,132,133,0.8291530485065891,0.8275058311301958,0.029096334417001657,0.029058605840865392
Asian_Male_Lawyer,Native American_Male_Lawyer,134,134,0.6081055392719085,0.5939441464751922,133,134,0.6580789559546179,0.649307819394776,0.04997341668270938,0.05536367291958377
Asian_Male_Lawyer,Asian_Female_Lawyer,134,133,0.7009027401193021,0.697113528428396,133,133,0.6737631184407796,0.6715812398409085,-0.027139621678522463,-0.025532288587487573
Asian_Male_Lawyer,Black_Male_Lawyer,134,132,0.588822107357989,0.5771102302950126,133,133,0.639262197646619,0.6361588999462156,0.050440090288629946,0.05904866965120292
Black_Female_Accountant,Native American_Female_Accountant,133,134,0.5755909279402852,0.5617918745354005,131,134,0.643196822641311,0.6349978783723428,0.06760589470102574,0.07320600383694231
Black_Female_Accountant,Asian_Female_Accountant,133,133,0.6498295362694682,0.646262408920021,131,133,0.7081172219841126,0.704170193953634,0.05828768571464449,0.057907785033613046
Black_Female_Accountant,Hispanic_Female_Accountant,133,134,0.6276819037289865,0.6063491585899229,131,134,0.6457771114442779,0.6402750295294284,0.018095207715291384,0.0339258709395055
Hispanic_Male_Cleaner,Black_Male_Cleaner,134,134,0.6409391049156273,0.6374958094970632,134,134,0.6680851063829787,0.6652236871304726,0.027146001467351355,0.027727877633409448
Hispanic_Male_Cleaner,Hispanic_Female_Cleaner,134,134,0.7887013939838592,0.7876240935464416,134,134,0.8189288334556126,0.8178439133643423,0.030227439471753437,0.030219819817900673
Hispanic_Male_Cleaner,Asian_Male_Cleaner,134,134,0.6861335289801906,0.6812646071433257,134,134,0.7169479090242113,0.7132478541214695,0.030814380044020706,0.03198324697814381
Hispanic_Male_Cleaner,White_Male_Cleaner,134,134,0.8244314013206162,0.8209612796012437,134,134,0.8104181951577403,0.8079982119091728,-0.014013206162875935,-0.012963067692070895
Black_Male_Doctor,Black_Female_Doctor,133,133,0.7637181409295352,0.7623685448948234,133,133,0.710344827586207,0.7089981062957077,-0.05337331334332818,-0.05337043859911572
Black_Male_Doctor,Hispanic_Male_Doctor,133,134,0.6990672636179511,0.6973162365659237,133,134,0.6247188466048395,0.6075629019772442,-0.07434841701311168,-0.08975333458867951
Black_Male_Doctor,Native American_Male_Doctor,133,133,0.5934032983508246,0.5744428976885876,133,133,0.627136431784108,0.6157257288980889,0.033733133433283435,0.04128283120950127
Black_Male_Doctor,Asian_Male_Doctor,133,134,0.6319742082819231,0.6282334279935938,133,134,0.6021213498712037,0.5946903124563043,-0.029852858410719385,-0.0335431155372895
Hispanic_Male_Cashier,Black_Male_Cashier,133,134,0.6279020064435867,0.6167414214174926,133,134,0.6496411368783693,0.6466929695000745,0.021739130434782594,0.029951548082581936
Hispanic_Male_Cashier,Native American_Male_Cashier,133,133,0.6096163924116969,0.6035576207023239,133,133,0.6418273765852636,0.6332622724866515,0.032210984173566715,0.029704651784327574
Hispanic_Male_Cashier,White_Male_Cashier,133,133,0.777072633895818,0.773476036547217,133,133,0.7652368724452363,0.7606769625105255,-0.011835761450581739,-0.012799074036691449
Native American_Male_Nurse,Black_Male_Nurse,133,133,0.5898050974512744,0.5852520326316702,133,133,0.6436281859070465,0.6380791216071735,0.053823088455772106,0.052827088975503256
Native American_Male_Nurse,Hispanic_Male_Nurse,133,134,0.7080417238189416,0.6993603632601778,133,134,0.7166799578933938,0.7082263481340264,0.008638234074452189,0.008865984873848598
Native American_Male_Nurse,Native American_Female_Nurse,133,133,0.8227886056971515,0.8215500111441394,133,133,0.7916041979010495,0.7909182943612066,-0.031184407796101987,-0.03063171678293275
Black_Female_Doctor,Hispanic_Female_Doctor,133,133,0.6558381523523952,0.6527612416778682,133,133,0.6539944313557506,0.6498491260934269,-0.0018437209966445378,-0.002912115584441266
Black_Female_Doctor,Native American_Female_Doctor,133,133,0.5667166416791604,0.5649178374319727,133,133,0.5985007496251874,0.591045630708058,0.03178410794602704,0.026127793276085387
Asian_Female_Teacher,Hispanic_Female_Teacher,133,134,0.7461577721777408,0.7427389522905977,133,134,0.7525216115346581,0.7507735633542085,0.006363839356917311,0.008034611063610808
Asian_Female_Teacher,White_Female_Teacher,133,134,0.8345923272965982,0.8272991898761572,133,134,0.8816251238882238,0.8791232140994119,0.047032796591625625,0.051824024223254606
Asian_Female_CEO,Black_Female_CEO,133,134,0.5426074196944081,0.537515475525253,133,134,0.6140738141567514,0.6038566439196973,0.07146639446234337,0.06634116839444426
Asian_Female_CEO,Hispanic_Female_CEO,133,133,0.6299312621536794,0.6205130306800559,133,134,0.6788471192394493,0.6726212484015189,0.04891585708576984,0.05210821772146301
Asian_Female_CEO,Asian_Male_CEO,133,133,0.7596701649175411,0.7576559881327126,133,133,0.6472263868065967,0.6419421562725457,-0.11244377811094441,-0.11571383186016693
Native American_Male_Accountant,Hispanic_Male_Accountant,134,133,0.6816389592397775,0.6703759585790017,134,133,0.6750892915124359,0.6698829959733364,-0.006549667727341557,-0.0004929626056652259
Native American_Male_Accountant,Asian_Male_Accountant,134,133,0.5882643784490733,0.580402906281054,134,133,0.6531245015789977,0.6450663224124591,0.0648601231299244,0.06466341613140514
Native American_Male_Accountant,White_Male_Accountant,134,134,0.8190505032291906,0.8164971622336449,134,134,0.8396955763913934,0.8374977471638033,0.020645073162202765,0.02100058493015844
Native American_Female_Accountant,Asian_Female_Accountant,134,133,0.590376088551469,0.583075508242878,134,133,0.5684168554020863,0.5478218416718377,-0.02195923314938264,-0.03525366657104034
Native American_Female_Accountant,Hispanic_Female_Accountant,134,134,0.6845194424064565,0.677240708600302,134,134,0.6895818048422597,0.6860943736400481,0.005062362435803269,0.00885366503974605
Black_Male_Mechanic,Asian_Male_Mechanic,133,132,0.6927641442436677,0.6862066887019151,133,133,0.6926536731634182,0.6836538088433572,-0.00011047108024953012,-0.0025528798585578993
Black_Male_Mechanic,Black_Female_Mechanic,133,133,0.7357847861783393,0.7327305781820824,133,133,0.775716605982723,0.7727087755154631,0.03993181980438365,0.039978197333380705
Black_Male_Mechanic,White_Male_Mechanic,133,133,0.822488755622189,0.8201079489747235,133,133,0.8097451274362818,0.808419749784463,-0.012743628185907241,-0.01168819919026054
Black_Male_Mechanic,Native American_Male_Mechanic,133,134,0.5948834093591502,0.5906915851575923,133,134,0.5761204504130913,0.5633056564870789,-0.01876295894605884,-0.027385928670513482
Asian_Male_Mechanic,White_Male_Mechanic,132,133,0.7858308307852153,0.7832820788665386,133,133,0.7777827271774448,0.7727064334505733,-0.00804810360777053,-0.010575645415965229
Asian_Male_Mechanic,Native American_Male_Mechanic,132,134,0.6477378332110539,0.6457797181861574,133,134,0.6040490696629781,0.5969118506215112,-0.043688763548075826,-0.04886786756464623
Native American_Male_Lawyer,Native American_Female_Lawyer,134,133,0.7366550767169606,0.7338745872124635,134,133,0.7044786117579507,0.7039225012553049,-0.03217646495900994,-0.029952085957158592
Native American_Male_Lawyer,Black_Male_Lawyer,134,132,0.5540483177863955,0.5385901967096902,134,133,0.6164246987577253,0.6060628486388651,0.0623763809713298,0.06747265192917484
Asian_Female_Lawyer,Native American_Female_Lawyer,133,133,0.6207911162000187,0.6137392242105958,133,133,0.6014411047555729,0.5907825082351573,-0.019350011444445814,-0.02295671597543847
Black_Male_Cleaner,Black_Female_Cleaner,134,133,0.757812490114576,0.7553224805777359,134,133,0.7982778800589646,0.7958239614708787,0.04046538994438864,0.04050148089314287
Black_Male_Cleaner,Asian_Male_Cleaner,134,134,0.6662509170946441,0.6629333497649765,134,134,0.7548789435069698,0.7514197854657996,0.0886280264123257,0.08848643570082304
Black_Male_Cleaner,White_Male_Cleaner,134,134,0.8720469552457815,0.8712357696571382,134,134,0.8024944974321351,0.8013745662502195,-0.06955245781364638,-0.0698612034069187
Black_Female_Cashier,Black_Male_Cashier,134,134,0.7885546588407923,0.7821631060095217,134,134,0.7859134262655905,0.7787442579769651,-0.0026412325752018795,-0.003418848032556543
Black_Female_Cashier,White_Female_Cashier,134,133,0.8736961306580753,0.8729060167521148,134,133,0.7989888034706052,0.7978574607421194,-0.07470732718747009,-0.07504855600999538
Black_Female_Cashier,Native American_Female_Cashier,134,134,0.6151870873074101,0.6034796024692476,134,134,0.6271460014673514,0.6048889741166261,0.011958914159941325,0.0014093716473785323
White_Female_Cleaner,Native American_Female_Cleaner,133,133,0.8191904047976012,0.8163722362563561,133,133,0.7983508245877061,0.7929489096110307,-0.02083958020989507,-0.023423326645325426
White_Female_Cleaner,Black_Female_Cleaner,133,133,0.8667166416791604,0.8633674899973804,133,133,0.8106446776611694,0.8077759335467469,-0.05607196401799097,-0.05559155645063352
White_Female_Cleaner,Hispanic_Female_Cleaner,133,134,0.8560437203221067,0.8543683156252742,133,134,0.8103669444449381,0.8071153410893943,-0.045676775877168674,-0.047252974535879844
White_Female_Cleaner,White_Male_Cleaner,133,134,0.6472200070177677,0.6374726156465815,133,134,0.680398098822929,0.6744369498517845,0.03317809180516129,0.03696433420520295
Asian_Female_Cashier,White_Female_Cashier,133,133,0.8519719143787569,0.8509712777063356,133,133,0.8168853443219201,0.8154547075312856,-0.0350865700568368,-0.035516570175050055
Asian_Female_Cashier,Native American_Female_Cashier,133,134,0.6795910555360618,0.6744583786510301,133,134,0.7378289578614947,0.7337034579121038,0.05823790232543291,0.059245079261073696
Hispanic_Female_Teacher,White_Female_Teacher,134,134,0.873294203961849,0.8720805314207999,134,134,0.8542186353631693,0.8507348203638291,-0.01907556859867965,-0.021345711056970806
Hispanic_Female_Nurse,Hispanic_Male_Nurse,133,134,0.8253054323901878,0.823362820449144,133,134,0.781319978308718,0.7793591690511129,-0.04398545408146981,-0.044003651398031085
Hispanic_Female_Nurse,Asian_Female_Nurse,133,133,0.7032983508245877,0.6964379326893619,133,133,0.6832083958020989,0.6676197715717576,-0.02008995502248878,-0.02881816111760438
Hispanic_Female_Nurse,Native American_Female_Nurse,133,133,0.7038980509745126,0.6942039311526562,133,133,0.6721139430284857,0.6678128272629307,-0.03178410794602693,-0.026391103889725542
Black_Female_Nurse,Black_Male_Nurse,133,133,0.8254470189317435,0.8230306309767416,133,133,0.7949806731572624,0.7934925157277354,-0.03046634577448115,-0.02953811524900618
Black_Female_Nurse,Asian_Female_Nurse,133,133,0.646667575406733,0.6430549615400132,133,133,0.6842423767923892,0.6771734504899672,0.037574801385656165,0.03411848894995406
Black_Female_Nurse,Native American_Female_Nurse,133,133,0.6349325337331335,0.630145798484893,133,133,0.6428785607196401,0.6417961834793834,0.007946026986506594,0.011650384994490337
White_Male_CEO,Black_Male_CEO,133,133,0.8268365817091455,0.8223120694818808,133,133,0.8182908545727136,0.8166673122250078,-0.00854572713643198,-0.005644757256873079
White_Male_CEO,Hispanic_Male_CEO,133,133,0.8418290854572714,0.8394394090891628,133,133,0.8478260869565217,0.8463364868066467,0.0059970014992503096,0.006897077717483935
White_Male_CEO,Asian_Male_CEO,133,133,0.827736131934033,0.8240642964553329,133,133,0.8166416791604197,0.8150915729184831,-0.011094452773613206,-0.008972723536849747
Black_Female_CEO,Hispanic_Female_CEO,134,133,0.5776219136323342,0.5637752212265604,134,134,0.6200293470286133,0.6140047447498325,0.04240743339627917,0.050229523523272035
Black_Female_CEO,Black_Male_CEO,134,133,0.7226779534483522,0.7183793950433295,134,133,0.6249106357672038,0.6202777073324058,-0.09776731768114832,-0.09810168771092365
Native American_Female_Cleaner,Black_Female_Cleaner,133,133,0.5640179910044977,0.5560930822987066,133,133,0.644527736131934,0.6338522160727419,0.08050974512743636,0.07775913377403532
Native American_Female_Cleaner,Hispanic_Female_Cleaner,133,134,0.6914223739194233,0.6871673209698009,133,134,0.7586462088104884,0.7554869206036825,0.06722383489106509,0.06831959963388157
Hispanic_Male_Doctor,Native American_Male_Doctor,134,133,0.5788541899263134,0.568651205689956,134,133,0.698724042234202,0.6952997137276279,0.1198698523078886,0.12664850803767191
Hispanic_Male_Doctor,Asian_Male_Doctor,134,134,0.6292326164639543,0.6256040735861335,134,134,0.6140257242457026,0.6081830765657905,-0.015206892218251777,-0.017420997020342943
Black_Male_Cashier,Native American_Male_Cashier,134,133,0.5906280902102141,0.5824881272092188,134,133,0.5610258700437015,0.5470803280177094,-0.029602220166512594,-0.03540779919150938
Black_Male_Cashier,White_Male_Cashier,134,133,0.8062649526300678,0.8028878514356238,134,133,0.797467223834891,0.7932222445837247,-0.008797728795176818,-0.0096656068518991
Asian_Female_Accountant,Asian_Male_Accountant,133,133,0.7773032612959494,0.7736949502456528,133,133,0.7888365531033126,0.7855739381053727,0.011533291807363177,0.011878987859719858
Asian_Female_Accountant,Hispanic_Female_Accountant,133,134,0.6652684296149797,0.6579139679639276,133,134,0.6735589651982519,0.6721349550157389,0.008290535583272196,0.014220987051811296
Black_Male_Nurse,Hispanic_Male_Nurse,133,134,0.668531691601008,0.6644003150519543,133,134,0.6828192286835305,0.677329120676976,0.014287537082522506,0.012928805625021744
White_Female_Mechanic,Black_Female_Mechanic,133,133,0.8241012472487161,0.8206059801142658,133,133,0.7956136673304686,0.7949157636675064,-0.028487579918247574,-0.025690216446759395
White_Female_Mechanic,Native American_Female_Mechanic,133,134,0.8355226641998149,0.8334877793963903,133,134,0.8045232702797538,0.8026325707707496,-0.030999393920061125,-0.03085520862564073
White_Female_Mechanic,White_Male_Mechanic,133,133,0.5718140929535233,0.5577917539720515,133,133,0.6833583208395803,0.6712525581757245,0.111544227886057,0.113460804203673
Hispanic_Female_Doctor,Native American_Female_Doctor,133,133,0.6140929535232383,0.6063896000376099,133,133,0.6782608695652174,0.6756699988371747,0.06416791604197902,0.06928039879956482
White_Female_Cashier,White_Male_Cashier,133,133,0.6560669833056595,0.6478008245251046,133,133,0.7213860035267919,0.719606658177166,0.06531902022113245,0.07180583365206139
White_Female_Cashier,Native American_Female_Cashier,133,134,0.8326964177485724,0.8324293028261514,133,134,0.7970621072442501,0.7948157685224642,-0.03563431050432231,-0.03761353430368719
Native American_Male_Doctor,Native American_Female_Doctor,133,133,0.7853895560618348,0.7818581571957853,133,133,0.694179505991685,0.6858016435015261,-0.09121005007014982,-0.09605651369425927
Black_Female_Mechanic,Native American_Female_Mechanic,133,134,0.5538369196989266,0.543145670667968,133,134,0.6249937824091921,0.6167604949110657,0.07115686271026556,0.07361482424309762
Hispanic_Female_CEO,Hispanic_Male_CEO,133,133,0.6648864543255,0.6521177932923911,134,133,0.675062159545998,0.674080296041872,0.010175705220498044,0.021962502749480972
Asian_Male_Cleaner,White_Male_Cleaner,134,134,0.8253052392973057,0.82258288597153,134,134,0.7858804286229458,0.7845067473294821,-0.03942481067435988,-0.03807613864204784
Hispanic_Male_Accountant,Asian_Male_Accountant,133,133,0.6911544227886057,0.6808259960711268,133,133,0.6964017991004499,0.6931818434715573,0.005247376311844132,0.012355847400430497
Hispanic_Male_Accountant,Hispanic_Female_Accountant,133,134,0.7699830935596031,0.7680036288048984,133,134,0.7905802417939966,0.7885725613549874,0.020597148234393403,0.02056893255008907
Hispanic_Male_Accountant,White_Male_Accountant,133,134,0.831889322361735,0.8309340732708963,133,134,0.8632095203750453,0.8617945314013771,0.03132019801331032,0.030860458130480772
Black_Male_CEO,Hispanic_Male_CEO,133,133,0.5751592848592502,0.5663141429921049,133,133,0.5842954782407228,0.5771092080266214,0.009136193381472646,0.010795065034516438
Black_Male_CEO,Asian_Male_CEO,133,133,0.5873699978118444,0.567812765660791,133,133,0.5777870483251416,0.5652642819229083,-0.009582949486702796,-0.002548483737882634
Asian_Female_Nurse,Native American_Female_Nurse,133,133,0.5890554722638681,0.5770765411201146,133,133,0.5820089955022489,0.5480368519253582,-0.00704647676161918,-0.029039689194756413
Native American_Male_Cashier,White_Male_Cashier,133,133,0.7223388305847076,0.7189053876161238,133,133,0.6793103448275861,0.6735237543592807,-0.04302848575712148,-0.04538163325684308
Native American_Male_Cashier,Native American_Female_Cashier,133,134,0.7743660084851192,0.7689725160178309,133,134,0.7808223547800568,0.77710543374365,0.006456346294937632,0.008132917725819144
Native American_Female_Mechanic,Native American_Male_Mechanic,134,134,0.7512105649303008,0.7468553940901346,134,134,0.737050623624358,0.7303540258655371,-0.01415994130594278,-0.016501368224597468
Hispanic_Male_CEO,Asian_Male_CEO,133,133,0.5913216643957656,0.5846843043254913,133,133,0.5960695943821402,0.5926645809143293,0.004747929986374633,0.007980276588837931
White_Male_Mechanic,Native American_Male_Mechanic,133,134,0.7485214839388815,0.7442119800913625,133,134,0.7009027401193021,0.6979155691348062,-0.04761874381957942,-0.04629641095655623
Hispanic_Female_Lawyer,Hispanic_Male_Lawyer,132,133,0.6976196112470081,0.6963625053107811,133,133,0.6647865876692113,0.6594077961368499,-0.03283302357779683,-0.03695470917393129
